file,line,type,commit,author,date,time,timezone,datetime,depth,length
src/style.css,1,css,7773fb07,Grace Huang,2024-03-05,19:40:12,-05:00,2024-03-05T19:40:12-05:00,0,6
src/style.css,2,css,7773fb07,Grace Huang,2024-03-05,19:40:12,-05:00,2024-03-05T19:40:12-05:00,1,22
src/style.css,3,css,3c193e83,Grace Huang,2024-03-06,01:44:59,-05:00,2024-03-06T01:44:59-05:00,1,37
src/style.css,4,css,7773fb07,Grace Huang,2024-03-05,19:40:12,-05:00,2024-03-05T19:40:12-05:00,1,24
src/style.css,5,css,7773fb07,Grace Huang,2024-03-05,19:40:12,-05:00,2024-03-05T19:40:12-05:00,1,32
src/style.css,6,css,7773fb07,Grace Huang,2024-03-05,19:40:12,-05:00,2024-03-05T19:40:12-05:00,0,1
src/style.css,7,css,7773fb07,Grace Huang,2024-03-05,19:40:12,-05:00,2024-03-05T19:40:12-05:00,0,0
src/style.css,8,css,7773fb07,Grace Huang,2024-03-05,19:40:12,-05:00,2024-03-05T19:40:12-05:00,0,6
src/style.css,9,css,7773fb07,Grace Huang,2024-03-05,19:40:12,-05:00,2024-03-05T19:40:12-05:00,1,43
src/style.css,10,css,7773fb07,Grace Huang,2024-03-05,19:40:12,-05:00,2024-03-05T19:40:12-05:00,3,38
src/style.css,11,css,7773fb07,Grace Huang,2024-03-05,19:40:12,-05:00,2024-03-05T19:40:12-05:00,2,0
src/style.css,12,css,7773fb07,Grace Huang,2024-03-05,19:40:12,-05:00,2024-03-05T19:40:12-05:00,1,14
src/style.css,13,css,7773fb07,Grace Huang,2024-03-05,19:40:12,-05:00,2024-03-05T19:40:12-05:00,1,18
src/style.css,14,css,18e2da8e,Grace Huang,2024-03-20,02:14:30,-04:00,2024-03-20T02:14:30-04:00,1,16
src/style.css,15,css,3c193e83,Grace Huang,2024-03-06,01:44:59,-05:00,2024-03-06T01:44:59-05:00,1,37
src/style.css,16,css,bc160811,Grace Huang,2024-03-19,23:16:41,-04:00,2024-03-19T23:16:41-04:00,1,14
src/style.css,17,css,7773fb07,Grace Huang,2024-03-05,19:40:12,-05:00,2024-03-05T19:40:12-05:00,0,1
src/style.css,18,css,7773fb07,Grace Huang,2024-03-05,19:40:12,-05:00,2024-03-05T19:40:12-05:00,0,0
src/style.css,19,css,7773fb07,Grace Huang,2024-03-05,19:40:12,-05:00,2024-03-05T19:40:12-05:00,0,4
src/style.css,20,css,7773fb07,Grace Huang,2024-03-05,19:40:12,-05:00,2024-03-05T19:40:12-05:00,1,14
src/style.css,21,css,3c193e83,Grace Huang,2024-03-06,01:44:59,-05:00,2024-03-06T01:44:59-05:00,1,38
src/style.css,22,css,7773fb07,Grace Huang,2024-03-05,19:40:12,-05:00,2024-03-05T19:40:12-05:00,0,1
src/style.css,23,css,7773fb07,Grace Huang,2024-03-05,19:40:12,-05:00,2024-03-05T19:40:12-05:00,0,0
src/style.css,24,css,3c193e83,Grace Huang,2024-03-06,01:44:59,-05:00,2024-03-06T01:44:59-05:00,0,3
src/style.css,25,css,3c193e83,Grace Huang,2024-03-06,01:44:59,-05:00,2024-03-06T01:44:59-05:00,0,3
src/style.css,26,css,3c193e83,Grace Huang,2024-03-06,01:44:59,-05:00,2024-03-06T01:44:59-05:00,0,3
src/style.css,27,css,3c193e83,Grace Huang,2024-03-06,01:44:59,-05:00,2024-03-06T01:44:59-05:00,0,3
src/style.css,28,css,3c193e83,Grace Huang,2024-03-06,01:44:59,-05:00,2024-03-06T01:44:59-05:00,0,4
src/style.css,29,css,3c193e83,Grace Huang,2024-03-06,01:44:59,-05:00,2024-03-06T01:44:59-05:00,1,15
src/style.css,30,css,7773fb07,Grace Huang,2024-03-05,19:40:12,-05:00,2024-03-05T19:40:12-05:00,1,17
src/style.css,31,css,3c193e83,Grace Huang,2024-03-06,01:44:59,-05:00,2024-03-06T01:44:59-05:00,1,38
src/style.css,32,css,3c193e83,Grace Huang,2024-03-06,01:44:59,-05:00,2024-03-06T01:44:59-05:00,1,0
src/style.css,33,css,7773fb07,Grace Huang,2024-03-05,19:40:12,-05:00,2024-03-05T19:40:12-05:00,0,1
src/style.css,34,css,7773fb07,Grace Huang,2024-03-05,19:40:12,-05:00,2024-03-05T19:40:12-05:00,0,0
src/style.css,35,css,7773fb07,Grace Huang,2024-03-05,19:40:12,-05:00,2024-03-05T19:40:12-05:00,0,4
src/style.css,36,css,7773fb07,Grace Huang,2024-03-05,19:40:12,-05:00,2024-03-05T19:40:12-05:00,1,27
src/style.css,37,css,7773fb07,Grace Huang,2024-03-05,19:40:12,-05:00,2024-03-05T19:40:12-05:00,0,1
src/style.css,38,css,7773fb07,Grace Huang,2024-03-05,19:40:12,-05:00,2024-03-05T19:40:12-05:00,0,6
src/style.css,39,css,3c193e83,Grace Huang,2024-03-06,01:44:59,-05:00,2024-03-06T01:44:59-05:00,1,12
src/style.css,40,css,7773fb07,Grace Huang,2024-03-05,19:40:12,-05:00,2024-03-05T19:40:12-05:00,1,30
src/style.css,41,css,7773fb07,Grace Huang,2024-03-05,19:40:12,-05:00,2024-03-05T19:40:12-05:00,1,7
src/style.css,42,css,7773fb07,Grace Huang,2024-03-05,19:40:12,-05:00,2024-03-05T19:40:12-05:00,0,1
src/style.css,43,css,7773fb07,Grace Huang,2024-03-05,19:40:12,-05:00,2024-03-05T19:40:12-05:00,0,0
src/style.css,44,css,3c193e83,Grace Huang,2024-03-06,01:44:59,-05:00,2024-03-06T01:44:59-05:00,0,6
src/style.css,45,css,3c193e83,Grace Huang,2024-03-06,01:44:59,-05:00,2024-03-06T01:44:59-05:00,0,8
src/style.css,46,css,3c193e83,Grace Huang,2024-03-06,01:44:59,-05:00,2024-03-06T01:44:59-05:00,1,12
src/style.css,47,css,3c193e83,Grace Huang,2024-03-06,01:44:59,-05:00,2024-03-06T01:44:59-05:00,1,29
src/style.css,48,css,3c193e83,Grace Huang,2024-03-06,01:44:59,-05:00,2024-03-06T01:44:59-05:00,1,17
src/style.css,49,css,7773fb07,Grace Huang,2024-03-05,19:40:12,-05:00,2024-03-05T19:40:12-05:00,0,1
src/style.css,50,css,7773fb07,Grace Huang,2024-03-05,19:40:12,-05:00,2024-03-05T19:40:12-05:00,0,0
src/style.css,51,css,7773fb07,Grace Huang,2024-03-05,19:40:12,-05:00,2024-03-05T19:40:12-05:00,0,5
src/style.css,52,css,3c193e83,Grace Huang,2024-03-06,01:44:59,-05:00,2024-03-06T01:44:59-05:00,1,14
src/style.css,53,css,7773fb07,Grace Huang,2024-03-05,19:40:12,-05:00,2024-03-05T19:40:12-05:00,0,1
src/style.css,54,css,7773fb07,Grace Huang,2024-03-05,19:40:12,-05:00,2024-03-05T19:40:12-05:00,0,0
src/style.css,55,css,7773fb07,Grace Huang,2024-03-05,19:40:12,-05:00,2024-03-05T19:40:12-05:00,0,11
src/style.css,56,css,3c193e83,Grace Huang,2024-03-06,01:44:59,-05:00,2024-03-06T01:44:59-05:00,1,12
src/style.css,57,css,7773fb07,Grace Huang,2024-03-05,19:40:12,-05:00,2024-03-05T19:40:12-05:00,1,58
src/style.css,58,css,7773fb07,Grace Huang,2024-03-05,19:40:12,-05:00,2024-03-05T19:40:12-05:00,1,7
src/style.css,59,css,7773fb07,Grace Huang,2024-03-05,19:40:12,-05:00,2024-03-05T19:40:12-05:00,0,1
src/style.css,60,css,7773fb07,Grace Huang,2024-03-05,19:40:12,-05:00,2024-03-05T19:40:12-05:00,0,0
src/style.css,61,css,7773fb07,Grace Huang,2024-03-05,19:40:12,-05:00,2024-03-05T19:40:12-05:00,0,14
src/style.css,62,css,3c193e83,Grace Huang,2024-03-06,01:44:59,-05:00,2024-03-06T01:44:59-05:00,1,14
src/style.css,63,css,7773fb07,Grace Huang,2024-03-05,19:40:12,-05:00,2024-03-05T19:40:12-05:00,0,1
src/style.css,64,css,7773fb07,Grace Huang,2024-03-05,19:40:12,-05:00,2024-03-05T19:40:12-05:00,0,0
src/style.css,65,css,7773fb07,Grace Huang,2024-03-05,19:40:12,-05:00,2024-03-05T19:40:12-05:00,0,17
src/style.css,66,css,3c193e83,Grace Huang,2024-03-06,01:44:59,-05:00,2024-03-06T01:44:59-05:00,1,14
src/style.css,67,css,7773fb07,Grace Huang,2024-03-05,19:40:12,-05:00,2024-03-05T19:40:12-05:00,0,1
src/style.css,68,css,7773fb07,Grace Huang,2024-03-05,19:40:12,-05:00,2024-03-05T19:40:12-05:00,0,27
src/style.css,69,css,3c193e83,Grace Huang,2024-03-06,01:44:59,-05:00,2024-03-06T01:44:59-05:00,1,12
src/style.css,70,css,3c193e83,Grace Huang,2024-03-06,01:44:59,-05:00,2024-03-06T01:44:59-05:00,1,29
src/style.css,71,css,3c193e83,Grace Huang,2024-03-06,01:44:59,-05:00,2024-03-06T01:44:59-05:00,1,15
src/style.css,72,css,7773fb07,Grace Huang,2024-03-05,19:40:12,-05:00,2024-03-05T19:40:12-05:00,0,1
src/style.css,73,css,7773fb07,Grace Huang,2024-03-05,19:40:12,-05:00,2024-03-05T19:40:12-05:00,0,0
src/style.css,74,css,3c193e83,Grace Huang,2024-03-06,01:44:59,-05:00,2024-03-06T01:44:59-05:00,0,32
src/style.css,75,css,3c193e83,Grace Huang,2024-03-06,01:44:59,-05:00,2024-03-06T01:44:59-05:00,1,27
src/style.css,76,css,7773fb07,Grace Huang,2024-03-05,19:40:12,-05:00,2024-03-05T19:40:12-05:00,0,1
src/style.css,77,css,7773fb07,Grace Huang,2024-03-05,19:40:12,-05:00,2024-03-05T19:40:12-05:00,0,0
src/style.css,78,css,7773fb07,Grace Huang,2024-03-05,19:40:12,-05:00,2024-03-05T19:40:12-05:00,0,15
src/style.css,79,css,3c193e83,Grace Huang,2024-03-06,01:44:59,-05:00,2024-03-06T01:44:59-05:00,1,17
src/style.css,80,css,7773fb07,Grace Huang,2024-03-05,19:40:12,-05:00,2024-03-05T19:40:12-05:00,1,8
src/style.css,81,css,7773fb07,Grace Huang,2024-03-05,19:40:12,-05:00,2024-03-05T19:40:12-05:00,1,10
src/style.css,82,css,7773fb07,Grace Huang,2024-03-05,19:40:12,-05:00,2024-03-05T19:40:12-05:00,0,1
src/style.css,83,css,18e2da8e,Grace Huang,2024-03-20,02:14:30,-04:00,2024-03-20T02:14:30-04:00,0,0
src/style.css,84,css,18e2da8e,Grace Huang,2024-03-20,02:14:30,-04:00,2024-03-20T02:14:30-04:00,0,3
src/style.css,85,css,18e2da8e,Grace Huang,2024-03-20,02:14:30,-04:00,2024-03-20T02:14:30-04:00,1,27
src/style.css,86,css,18e2da8e,Grace Huang,2024-03-20,02:14:30,-04:00,2024-03-20T02:14:30-04:00,0,1
src/app.html,1,html,2724a42,Grace Huang,2024-03-05,16:50:46,-05:00,2024-03-05T16:50:46-05:00,0,15
src/app.html,2,html,2724a42,Grace Huang,2024-03-05,16:50:46,-05:00,2024-03-05T16:50:46-05:00,0,16
src/app.html,3,html,2724a42,Grace Huang,2024-03-05,16:50:46,-05:00,2024-03-05T16:50:46-05:00,0,6
src/app.html,4,html,2724a42,Grace Huang,2024-03-05,16:50:46,-05:00,2024-03-05T16:50:46-05:00,0,24
src/app.html,5,html,2724a42,Grace Huang,2024-03-05,16:50:46,-05:00,2024-03-05T16:50:46-05:00,0,57
src/app.html,6,html,2724a42,Grace Huang,2024-03-05,16:50:46,-05:00,2024-03-05T16:50:46-05:00,0,70
src/app.html,7,html,7773fb07,Grace Huang,2024-03-05,19:40:12,-05:00,2024-03-05T19:40:12-05:00,0,66
src/app.html,8,html,7773fb07,Grace Huang,2024-03-05,19:40:12,-05:00,2024-03-05T19:40:12-05:00,0,0
src/app.html,9,html,3c193e83,Grace Huang,2024-03-06,01:44:59,-05:00,2024-03-06T01:44:59-05:00,0,59
src/app.html,10,html,3c193e83,Grace Huang,2024-03-06,01:44:59,-05:00,2024-03-06T01:44:59-05:00,0,68
src/app.html,11,html,3c193e83,Grace Huang,2024-03-06,01:44:59,-05:00,2024-03-06T01:44:59-05:00,0,111
src/app.html,12,html,3c193e83,Grace Huang,2024-03-06,01:44:59,-05:00,2024-03-06T01:44:59-05:00,0,17
src/app.html,13,html,7773fb07,Grace Huang,2024-03-05,19:40:12,-05:00,2024-03-05T19:40:12-05:00,0,38
src/app.html,14,html,3c193e83,Grace Huang,2024-03-06,01:44:59,-05:00,2024-03-06T01:44:59-05:00,0,8
src/app.html,15,html,3c193e83,Grace Huang,2024-03-06,01:44:59,-05:00,2024-03-06T01:44:59-05:00,0,36
src/app.html,16,html,3c193e83,Grace Huang,2024-03-06,01:44:59,-05:00,2024-03-06T01:44:59-05:00,0,59
src/app.html,17,html,3c193e83,Grace Huang,2024-03-06,01:44:59,-05:00,2024-03-06T01:44:59-05:00,0,52
src/app.html,18,html,3c193e83,Grace Huang,2024-03-06,01:44:59,-05:00,2024-03-06T01:44:59-05:00,0,9
src/app.html,19,html,2724a42,Grace Huang,2024-03-05,16:50:46,-05:00,2024-03-05T16:50:46-05:00,0,16
src/app.html,20,html,2724a42,Grace Huang,2024-03-05,16:50:46,-05:00,2024-03-05T16:50:46-05:00,0,7
src/app.html,21,html,2724a42,Grace Huang,2024-03-05,16:50:46,-05:00,2024-03-05T16:50:46-05:00,0,42
src/app.html,22,html,2724a42,Grace Huang,2024-03-05,16:50:46,-05:00,2024-03-05T16:50:46-05:00,0,53
src/app.html,23,html,2724a42,Grace Huang,2024-03-05,16:50:46,-05:00,2024-03-05T16:50:46-05:00,0,7
src/app.html,24,html,2724a42,Grace Huang,2024-03-05,16:50:46,-05:00,2024-03-05T16:50:46-05:00,0,7
src/routes/+page.svelte,1,svelte,4a6f8f35,Grace Huang,2024-03-05,23:04:18,-05:00,2024-03-05T23:04:18-05:00,0,8
src/routes/+page.svelte,2,js,4a6f8f35,Grace Huang,2024-03-05,23:04:18,-05:00,2024-03-05T23:04:18-05:00,1,40
src/routes/+page.svelte,3,js,4a6f8f35,Grace Huang,2024-03-05,23:04:18,-05:00,2024-03-05T23:04:18-05:00,1,42
src/routes/+page.svelte,4,js,3c193e83,Grace Huang,2024-03-06,01:44:59,-05:00,2024-03-06T01:44:59-05:00,1,31
src/routes/+page.svelte,5,js,f8ebbab8,Grace Huang,2024-03-20,00:26:19,-04:00,2024-03-20T00:26:19-04:00,1,38
src/routes/+page.svelte,6,js,3c193e83,Grace Huang,2024-03-06,01:44:59,-05:00,2024-03-06T01:44:59-05:00,0,0
src/routes/+page.svelte,7,js,3c193e83,Grace Huang,2024-03-06,01:44:59,-05:00,2024-03-06T01:44:59-05:00,1,15
src/routes/+page.svelte,8,js,3c193e83,Grace Huang,2024-03-06,01:44:59,-05:00,2024-03-06T01:44:59-05:00,1,22
src/routes/+page.svelte,9,js,3c193e83,Grace Huang,2024-03-06,01:44:59,-05:00,2024-03-06T01:44:59-05:00,1,18
src/routes/+page.svelte,10,js,3c193e83,Grace Huang,2024-03-06,01:44:59,-05:00,2024-03-06T01:44:59-05:00,1,18
src/routes/+page.svelte,11,js,3c193e83,Grace Huang,2024-03-06,01:44:59,-05:00,2024-03-06T01:44:59-05:00,1,21
src/routes/+page.svelte,12,js,3c193e83,Grace Huang,2024-03-06,01:44:59,-05:00,2024-03-06T01:44:59-05:00,1,5
src/routes/+page.svelte,13,js,3c193e83,Grace Huang,2024-03-06,01:44:59,-05:00,2024-03-06T01:44:59-05:00,0,0
src/routes/+page.svelte,14,js,3c193e83,Grace Huang,2024-03-06,01:44:59,-05:00,2024-03-06T01:44:59-05:00,1,7
src/routes/+page.svelte,15,js,f8ebbab8,Grace Huang,2024-03-20,00:26:19,-04:00,2024-03-20T00:26:19-04:00,1,8
src/routes/+page.svelte,16,js,3c193e83,Grace Huang,2024-03-06,01:44:59,-05:00,2024-03-06T01:44:59-05:00,0,0
src/routes/+page.svelte,17,js,3c193e83,Grace Huang,2024-03-06,01:44:59,-05:00,2024-03-06T01:44:59-05:00,1,19
src/routes/+page.svelte,18,js,3c193e83,Grace Huang,2024-03-06,01:44:59,-05:00,2024-03-06T01:44:59-05:00,2,58
src/routes/+page.svelte,19,js,3c193e83,Grace Huang,2024-03-06,01:44:59,-05:00,2024-03-06T01:44:59-05:00,2,20
src/routes/+page.svelte,20,js,f8ebbab8,Grace Huang,2024-03-20,00:26:19,-04:00,2024-03-20T00:26:19-04:00,2,196
src/routes/+page.svelte,21,js,3c193e83,Grace Huang,2024-03-06,01:44:59,-05:00,2024-03-06T01:44:59-05:00,1,1
src/routes/+page.svelte,22,svelte,4a6f8f35,Grace Huang,2024-03-05,23:04:18,-05:00,2024-03-05T23:04:18-05:00,0,9
src/routes/+page.svelte,23,svelte,4a6f8f35,Grace Huang,2024-03-05,23:04:18,-05:00,2024-03-05T23:04:18-05:00,0,0
src/routes/+page.svelte,24,svelte,94ed3d25,Grace Huang,2024-03-05,22:34:35,-05:00,2024-03-05T22:34:35-05:00,0,20
src/routes/+page.svelte,25,svelte,94ed3d25,Grace Huang,2024-03-05,22:34:35,-05:00,2024-03-05T22:34:35-05:00,0,4
src/routes/+page.svelte,26,svelte,94ed3d25,Grace Huang,2024-03-05,22:34:35,-05:00,2024-03-05T22:34:35-05:00,1,26
src/routes/+page.svelte,27,svelte,94ed3d25,Grace Huang,2024-03-05,22:34:35,-05:00,2024-03-05T22:34:35-05:00,1,24
src/routes/+page.svelte,28,svelte,94ed3d25,Grace Huang,2024-03-05,22:34:35,-05:00,2024-03-05T22:34:35-05:00,1,15
src/routes/+page.svelte,29,svelte,94ed3d25,Grace Huang,2024-03-05,22:34:35,-05:00,2024-03-05T22:34:35-05:00,0,2
src/routes/+page.svelte,30,svelte,94ed3d25,Grace Huang,2024-03-05,22:34:35,-05:00,2024-03-05T22:34:35-05:00,0,3
src/routes/+page.svelte,31,svelte,94ed3d25,Grace Huang,2024-03-05,22:34:35,-05:00,2024-03-05T22:34:35-05:00,1,72
src/routes/+page.svelte,32,svelte,94ed3d25,Grace Huang,2024-03-05,22:34:35,-05:00,2024-03-05T22:34:35-05:00,1,73
src/routes/+page.svelte,33,svelte,94ed3d25,Grace Huang,2024-03-05,22:34:35,-05:00,2024-03-05T22:34:35-05:00,1,64
src/routes/+page.svelte,34,svelte,94ed3d25,Grace Huang,2024-03-05,22:34:35,-05:00,2024-03-05T22:34:35-05:00,0,4
src/routes/+page.svelte,35,svelte,4a6f8f35,Grace Huang,2024-03-05,23:04:18,-05:00,2024-03-05T23:04:18-05:00,0,0
src/routes/+page.svelte,36,svelte,4a6f8f35,Grace Huang,2024-03-05,23:04:18,-05:00,2024-03-05T23:04:18-05:00,0,28
src/routes/+page.svelte,37,svelte,4a6f8f35,Grace Huang,2024-03-05,23:04:18,-05:00,2024-03-05T23:04:18-05:00,0,33
src/routes/+page.svelte,38,svelte,3c193e83,Grace Huang,2024-03-06,01:44:59,-05:00,2024-03-06T01:44:59-05:00,1,56
src/routes/+page.svelte,39,svelte,4a6f8f35,Grace Huang,2024-03-05,23:04:18,-05:00,2024-03-05T23:04:18-05:00,0,6
src/routes/+page.svelte,40,svelte,3c193e83,Grace Huang,2024-03-06,01:44:59,-05:00,2024-03-06T01:44:59-05:00,0,0
src/routes/+page.svelte,41,svelte,3c193e83,Grace Huang,2024-03-06,01:44:59,-05:00,2024-03-06T01:44:59-05:00,0,10
src/routes/+page.svelte,42,svelte,3c193e83,Grace Huang,2024-03-06,01:44:59,-05:00,2024-03-06T01:44:59-05:00,1,26
src/routes/+page.svelte,43,svelte,f8ebbab8,Grace Huang,2024-03-20,00:26:19,-04:00,2024-03-20T00:26:19-04:00,1,20
src/routes/+page.svelte,44,svelte,3c193e83,Grace Huang,2024-03-06,01:44:59,-05:00,2024-03-06T01:44:59-05:00,0,7
src/routes/+page.svelte,45,svelte,3c193e83,Grace Huang,2024-03-06,01:44:59,-05:00,2024-03-06T01:44:59-05:00,1,31
src/routes/+page.svelte,46,svelte,3c193e83,Grace Huang,2024-03-06,01:44:59,-05:00,2024-03-06T01:44:59-05:00,0,5
src/routes/+page.svelte,47,svelte,3c193e83,Grace Huang,2024-03-06,01:44:59,-05:00,2024-03-06T01:44:59-05:00,0,0
src/routes/+page.svelte,48,svelte,3c193e83,Grace Huang,2024-03-06,01:44:59,-05:00,2024-03-06T01:44:59-05:00,0,7
src/routes/+page.svelte,49,svelte,3c193e83,Grace Huang,2024-03-06,01:44:59,-05:00,2024-03-06T01:44:59-05:00,0,8
src/routes/+layout.svelte,1,svelte,4a6f8f35,Grace Huang,2024-03-05,23:04:18,-05:00,2024-03-05T23:04:18-05:00,0,8
src/routes/+layout.svelte,2,js,4a6f8f35,Grace Huang,2024-03-05,23:04:18,-05:00,2024-03-05T23:04:18-05:00,1,33
src/routes/+layout.svelte,3,js,4a6f8f35,Grace Huang,2024-03-05,23:04:18,-05:00,2024-03-05T23:04:18-05:00,1,20
src/routes/+layout.svelte,4,js,4a6f8f35,Grace Huang,2024-03-05,23:04:18,-05:00,2024-03-05T23:04:18-05:00,0,0
src/routes/+layout.svelte,5,js,4a6f8f35,Grace Huang,2024-03-05,23:04:18,-05:00,2024-03-05T23:04:18-05:00,1,11
src/routes/+layout.svelte,6,js,4a6f8f35,Grace Huang,2024-03-05,23:04:18,-05:00,2024-03-05T23:04:18-05:00,2,25
src/routes/+layout.svelte,7,js,4a6f8f35,Grace Huang,2024-03-05,23:04:18,-05:00,2024-03-05T23:04:18-05:00,2,37
src/routes/+layout.svelte,8,js,4a6f8f35,Grace Huang,2024-03-05,23:04:18,-05:00,2024-03-05T23:04:18-05:00,2,35
src/routes/+layout.svelte,9,js,f8ebbab8,Grace Huang,2024-03-20,00:26:19,-04:00,2024-03-20T00:26:19-04:00,2,29
src/routes/+layout.svelte,10,js,4a6f8f35,Grace Huang,2024-03-05,23:04:18,-05:00,2024-03-05T23:04:18-05:00,2,29
src/routes/+layout.svelte,11,js,4a6f8f35,Grace Huang,2024-03-05,23:04:18,-05:00,2024-03-05T23:04:18-05:00,2,51
src/routes/+layout.svelte,12,js,4a6f8f35,Grace Huang,2024-03-05,23:04:18,-05:00,2024-03-05T23:04:18-05:00,1,0
src/routes/+layout.svelte,13,js,3c193e83,Grace Huang,2024-03-06,01:44:59,-05:00,2024-03-06T01:44:59-05:00,0,0
src/routes/+layout.svelte,14,js,3c193e83,Grace Huang,2024-03-06,01:44:59,-05:00,2024-03-06T01:44:59-05:00,1,48
src/routes/+layout.svelte,15,js,3c193e83,Grace Huang,2024-03-06,01:44:59,-05:00,2024-03-06T01:44:59-05:00,1,57
src/routes/+layout.svelte,16,js,3c193e83,Grace Huang,2024-03-06,01:44:59,-05:00,2024-03-06T01:44:59-05:00,1,47
src/routes/+layout.svelte,17,js,3c193e83,Grace Huang,2024-03-06,01:44:59,-05:00,2024-03-06T01:44:59-05:00,0,0
src/routes/+layout.svelte,18,js,3c193e83,Grace Huang,2024-03-06,01:44:59,-05:00,2024-03-06T01:44:59-05:00,1,40
src/routes/+layout.svelte,19,js,3c193e83,Grace Huang,2024-03-06,01:44:59,-05:00,2024-03-06T01:44:59-05:00,1,54
src/routes/+layout.svelte,20,svelte,4a6f8f35,Grace Huang,2024-03-05,23:04:18,-05:00,2024-03-05T23:04:18-05:00,0,9
src/routes/+layout.svelte,21,svelte,4a6f8f35,Grace Huang,2024-03-05,23:04:18,-05:00,2024-03-05T23:04:18-05:00,0,0
src/routes/+layout.svelte,22,svelte,4a6f8f35,Grace Huang,2024-03-05,23:04:18,-05:00,2024-03-05T23:04:18-05:00,0,5
src/routes/+layout.svelte,23,svelte,4a6f8f35,Grace Huang,2024-03-05,23:04:18,-05:00,2024-03-05T23:04:18-05:00,1,16
src/routes/+layout.svelte,24,svelte,4a6f8f35,Grace Huang,2024-03-05,23:04:18,-05:00,2024-03-05T23:04:18-05:00,2,0
src/routes/+layout.svelte,25,svelte,4a6f8f35,Grace Huang,2024-03-05,23:04:18,-05:00,2024-03-05T23:04:18-05:00,3,6
src/routes/+layout.svelte,26,svelte,4a6f8f35,Grace Huang,2024-03-05,23:04:18,-05:00,2024-03-05T23:04:18-05:00,3,40
src/routes/+layout.svelte,27,svelte,4a6f8f35,Grace Huang,2024-03-05,23:04:18,-05:00,2024-03-05T23:04:18-05:00,3,58
src/routes/+layout.svelte,28,svelte,4a6f8f35,Grace Huang,2024-03-05,23:04:18,-05:00,2024-03-05T23:04:18-05:00,2,0
src/routes/+layout.svelte,29,svelte,4a6f8f35,Grace Huang,2024-03-05,23:04:18,-05:00,2024-03-05T23:04:18-05:00,1,5
src/routes/+layout.svelte,30,svelte,4a6f8f35,Grace Huang,2024-03-05,23:04:18,-05:00,2024-03-05T23:04:18-05:00,0,6
src/routes/+layout.svelte,31,svelte,3c193e83,Grace Huang,2024-03-06,01:44:59,-05:00,2024-03-06T01:44:59-05:00,0,28
src/routes/+layout.svelte,32,svelte,3c193e83,Grace Huang,2024-03-06,01:44:59,-05:00,2024-03-06T01:44:59-05:00,1,4
src/routes/+layout.svelte,33,svelte,3c193e83,Grace Huang,2024-03-06,01:44:59,-05:00,2024-03-06T01:44:59-05:00,1,31
src/routes/+layout.svelte,34,svelte,3c193e83,Grace Huang,2024-03-06,01:44:59,-05:00,2024-03-06T01:44:59-05:00,2,41
src/routes/+layout.svelte,35,svelte,3c193e83,Grace Huang,2024-03-06,01:44:59,-05:00,2024-03-06T01:44:59-05:00,2,32
src/routes/+layout.svelte,36,svelte,3c193e83,Grace Huang,2024-03-06,01:44:59,-05:00,2024-03-06T01:44:59-05:00,2,30
src/routes/+layout.svelte,37,svelte,3c193e83,Grace Huang,2024-03-06,01:44:59,-05:00,2024-03-06T01:44:59-05:00,1,7
src/routes/+layout.svelte,38,svelte,3c193e83,Grace Huang,2024-03-06,01:44:59,-05:00,2024-03-06T01:44:59-05:00,0,8
src/routes/+layout.svelte,39,svelte,4a6f8f35,Grace Huang,2024-03-05,23:04:18,-05:00,2024-03-05T23:04:18-05:00,0,8
src/routes/+layout.svelte,40,svelte,4a6f8f35,Grace Huang,2024-03-05,23:04:18,-05:00,2024-03-05T23:04:18-05:00,0,0
src/routes/+layout.svelte,41,svelte,4a6f8f35,Grace Huang,2024-03-05,23:04:18,-05:00,2024-03-05T23:04:18-05:00,0,7
src/routes/+layout.svelte,42,css,4a6f8f35,Grace Huang,2024-03-05,23:04:18,-05:00,2024-03-05T23:04:18-05:00,1,3
src/routes/+layout.svelte,43,css,4a6f8f35,Grace Huang,2024-03-05,23:04:18,-05:00,2024-03-05T23:04:18-05:00,2,10
src/routes/+layout.svelte,44,css,4a6f8f35,Grace Huang,2024-03-05,23:04:18,-05:00,2024-03-05T23:04:18-05:00,2,17
src/routes/+layout.svelte,45,css,4a6f8f35,Grace Huang,2024-03-05,23:04:18,-05:00,2024-03-05T23:04:18-05:00,2,39
src/routes/+layout.svelte,46,css,4a6f8f35,Grace Huang,2024-03-05,23:04:18,-05:00,2024-03-05T23:04:18-05:00,1,0
src/routes/+layout.svelte,47,css,4a6f8f35,Grace Huang,2024-03-05,23:04:18,-05:00,2024-03-05T23:04:18-05:00,0,0
src/routes/+layout.svelte,48,css,4a6f8f35,Grace Huang,2024-03-05,23:04:18,-05:00,2024-03-05T23:04:18-05:00,1,6
src/routes/+layout.svelte,49,css,4a6f8f35,Grace Huang,2024-03-05,23:04:18,-05:00,2024-03-05T23:04:18-05:00,2,14
src/routes/+layout.svelte,50,css,4a6f8f35,Grace Huang,2024-03-05,23:04:18,-05:00,2024-03-05T23:04:18-05:00,1,0
src/routes/+layout.svelte,51,css,4a6f8f35,Grace Huang,2024-03-05,23:04:18,-05:00,2024-03-05T23:04:18-05:00,0,0
src/routes/+layout.svelte,52,css,4a6f8f35,Grace Huang,2024-03-05,23:04:18,-05:00,2024-03-05T23:04:18-05:00,1,6
src/routes/+layout.svelte,53,css,4a6f8f35,Grace Huang,2024-03-05,23:04:18,-05:00,2024-03-05T23:04:18-05:00,2,14
src/routes/+layout.svelte,54,css,4a6f8f35,Grace Huang,2024-03-05,23:04:18,-05:00,2024-03-05T23:04:18-05:00,1,0
src/routes/+layout.svelte,55,css,4a6f8f35,Grace Huang,2024-03-05,23:04:18,-05:00,2024-03-05T23:04:18-05:00,0,0
src/routes/+layout.svelte,56,css,4a6f8f35,Grace Huang,2024-03-05,23:04:18,-05:00,2024-03-05T23:04:18-05:00,1,5
src/routes/+layout.svelte,57,css,4a6f8f35,Grace Huang,2024-03-05,23:04:18,-05:00,2024-03-05T23:04:18-05:00,2,4
src/routes/+layout.svelte,58,css,4a6f8f35,Grace Huang,2024-03-05,23:04:18,-05:00,2024-03-05T23:04:18-05:00,2,18
src/routes/+layout.svelte,59,css,4a6f8f35,Grace Huang,2024-03-05,23:04:18,-05:00,2024-03-05T23:04:18-05:00,2,11
src/routes/+layout.svelte,60,css,4a6f8f35,Grace Huang,2024-03-05,23:04:18,-05:00,2024-03-05T23:04:18-05:00,2,15
src/routes/+layout.svelte,61,css,4a6f8f35,Grace Huang,2024-03-05,23:04:18,-05:00,2024-03-05T23:04:18-05:00,2,11
src/routes/+layout.svelte,62,css,4a6f8f35,Grace Huang,2024-03-05,23:04:18,-05:00,2024-03-05T23:04:18-05:00,2,13
src/routes/+layout.svelte,63,css,4a6f8f35,Grace Huang,2024-03-05,23:04:18,-05:00,2024-03-05T23:04:18-05:00,0,0
src/routes/+layout.svelte,64,css,4a6f8f35,Grace Huang,2024-03-05,23:04:18,-05:00,2024-03-05T23:04:18-05:00,2,5
src/routes/+layout.svelte,65,css,4a6f8f35,Grace Huang,2024-03-05,23:04:18,-05:00,2024-03-05T23:04:18-05:00,3,23
src/routes/+layout.svelte,66,css,4a6f8f35,Grace Huang,2024-03-05,23:04:18,-05:00,2024-03-05T23:04:18-05:00,2,0
src/routes/+layout.svelte,67,css,4a6f8f35,Grace Huang,2024-03-05,23:04:18,-05:00,2024-03-05T23:04:18-05:00,1,0
src/routes/+layout.svelte,68,css,4a6f8f35,Grace Huang,2024-03-05,23:04:18,-05:00,2024-03-05T23:04:18-05:00,0,0
src/routes/+layout.svelte,69,css,4a6f8f35,Grace Huang,2024-03-05,23:04:18,-05:00,2024-03-05T23:04:18-05:00,1,8
src/routes/+layout.svelte,70,css,4a6f8f35,Grace Huang,2024-03-05,23:04:18,-05:00,2024-03-05T23:04:18-05:00,2,43
src/routes/+layout.svelte,71,css,4a6f8f35,Grace Huang,2024-03-05,23:04:18,-05:00,2024-03-05T23:04:18-05:00,2,16
src/routes/+layout.svelte,72,css,4a6f8f35,Grace Huang,2024-03-05,23:04:18,-05:00,2024-03-05T23:04:18-05:00,2,25
src/routes/+layout.svelte,73,css,4a6f8f35,Grace Huang,2024-03-05,23:04:18,-05:00,2024-03-05T23:04:18-05:00,1,0
src/routes/+layout.svelte,74,css,3c193e83,Grace Huang,2024-03-06,01:44:59,-05:00,2024-03-06T01:44:59-05:00,1,6
src/routes/+layout.svelte,75,css,3c193e83,Grace Huang,2024-03-06,01:44:59,-05:00,2024-03-06T01:44:59-05:00,2,17
src/routes/+layout.svelte,76,css,3c193e83,Grace Huang,2024-03-06,01:44:59,-05:00,2024-03-06T01:44:59-05:00,1,0
src/routes/+layout.svelte,77,svelte,4a6f8f35,Grace Huang,2024-03-05,23:04:18,-05:00,2024-03-05T23:04:18-05:00,0,8
src/routes/projects/+page.svelte,1,svelte,4a6f8f35,Grace Huang,2024-03-05,23:04:18,-05:00,2024-03-05T23:04:18-05:00,0,8
src/routes/projects/+page.svelte,2,js,4a6f8f35,Grace Huang,2024-03-05,23:04:18,-05:00,2024-03-05T23:04:18-05:00,1,40
src/routes/projects/+page.svelte,3,js,4a6f8f35,Grace Huang,2024-03-05,23:04:18,-05:00,2024-03-05T23:04:18-05:00,1,42
src/routes/projects/+page.svelte,4,js,bc160811,Grace Huang,2024-03-19,23:16:41,-04:00,2024-03-19T23:16:41-04:00,1,23
src/routes/projects/+page.svelte,5,js,bc160811,Grace Huang,2024-03-19,23:16:41,-04:00,2024-03-19T23:16:41-04:00,1,32
src/routes/projects/+page.svelte,6,js,bc160811,Grace Huang,2024-03-19,23:16:41,-04:00,2024-03-19T23:16:41-04:00,0,0
src/routes/projects/+page.svelte,7,js,bc160811,Grace Huang,2024-03-19,23:16:41,-04:00,2024-03-19T23:16:41-04:00,1,13
src/routes/projects/+page.svelte,8,js,bc160811,Grace Huang,2024-03-19,23:16:41,-04:00,2024-03-19T23:16:41-04:00,0,0
src/routes/projects/+page.svelte,9,js,bc160811,Grace Huang,2024-03-19,23:16:41,-04:00,2024-03-19T23:16:41-04:00,1,25
src/routes/projects/+page.svelte,10,js,bc160811,Grace Huang,2024-03-19,23:16:41,-04:00,2024-03-19T23:16:41-04:00,1,15
src/routes/projects/+page.svelte,11,js,bc160811,Grace Huang,2024-03-19,23:16:41,-04:00,2024-03-19T23:16:41-04:00,0,0
src/routes/projects/+page.svelte,12,js,bc160811,Grace Huang,2024-03-19,23:16:41,-04:00,2024-03-19T23:16:41-04:00,1,15
src/routes/projects/+page.svelte,13,js,bc160811,Grace Huang,2024-03-19,23:16:41,-04:00,2024-03-19T23:16:41-04:00,0,0
src/routes/projects/+page.svelte,14,js,bc160811,Grace Huang,2024-03-19,23:16:41,-04:00,2024-03-19T23:16:41-04:00,1,81
src/routes/projects/+page.svelte,15,js,bc160811,Grace Huang,2024-03-19,23:16:41,-04:00,2024-03-19T23:16:41-04:00,0,0
src/routes/projects/+page.svelte,16,js,bc160811,Grace Huang,2024-03-19,23:16:41,-04:00,2024-03-19T23:16:41-04:00,1,15
src/routes/projects/+page.svelte,17,js,bc160811,Grace Huang,2024-03-19,23:16:41,-04:00,2024-03-19T23:16:41-04:00,1,0
src/routes/projects/+page.svelte,18,js,bc160811,Grace Huang,2024-03-19,23:16:41,-04:00,2024-03-19T23:16:41-04:00,1,19
src/routes/projects/+page.svelte,19,js,bc160811,Grace Huang,2024-03-19,23:16:41,-04:00,2024-03-19T23:16:41-04:00,1,50
src/routes/projects/+page.svelte,20,js,bc160811,Grace Huang,2024-03-19,23:16:41,-04:00,2024-03-19T23:16:41-04:00,2,8
src/routes/projects/+page.svelte,21,js,bc160811,Grace Huang,2024-03-19,23:16:41,-04:00,2024-03-19T23:16:41-04:00,3,55
src/routes/projects/+page.svelte,22,js,bc160811,Grace Huang,2024-03-19,23:16:41,-04:00,2024-03-19T23:16:41-04:00,3,38
src/routes/projects/+page.svelte,23,js,bc160811,Grace Huang,2024-03-19,23:16:41,-04:00,2024-03-19T23:16:41-04:00,2,0
src/routes/projects/+page.svelte,24,js,bc160811,Grace Huang,2024-03-19,23:16:41,-04:00,2024-03-19T23:16:41-04:00,0,0
src/routes/projects/+page.svelte,25,js,bc160811,Grace Huang,2024-03-19,23:16:41,-04:00,2024-03-19T23:16:41-04:00,2,8
src/routes/projects/+page.svelte,26,js,bc160811,Grace Huang,2024-03-19,23:16:41,-04:00,2024-03-19T23:16:41-04:00,1,1
src/routes/projects/+page.svelte,27,js,bc160811,Grace Huang,2024-03-19,23:16:41,-04:00,2024-03-19T23:16:41-04:00,1,56
src/routes/projects/+page.svelte,28,js,bc160811,Grace Huang,2024-03-19,23:16:41,-04:00,2024-03-19T23:16:41-04:00,2,14
src/routes/projects/+page.svelte,29,js,bc160811,Grace Huang,2024-03-19,23:16:41,-04:00,2024-03-19T23:16:41-04:00,3,30
src/routes/projects/+page.svelte,30,js,bc160811,Grace Huang,2024-03-19,23:16:41,-04:00,2024-03-19T23:16:41-04:00,2,0
src/routes/projects/+page.svelte,31,js,bc160811,Grace Huang,2024-03-19,23:16:41,-04:00,2024-03-19T23:16:41-04:00,0,0
src/routes/projects/+page.svelte,32,js,bc160811,Grace Huang,2024-03-19,23:16:41,-04:00,2024-03-19T23:16:41-04:00,2,8
src/routes/projects/+page.svelte,33,js,bc160811,Grace Huang,2024-03-19,23:16:41,-04:00,2024-03-19T23:16:41-04:00,1,0
src/routes/projects/+page.svelte,34,js,bc160811,Grace Huang,2024-03-19,23:16:41,-04:00,2024-03-19T23:16:41-04:00,1,13
src/routes/projects/+page.svelte,35,js,bc160811,Grace Huang,2024-03-19,23:16:41,-04:00,2024-03-19T23:16:41-04:00,1,2
src/routes/projects/+page.svelte,36,js,bc160811,Grace Huang,2024-03-19,23:16:41,-04:00,2024-03-19T23:16:41-04:00,2,20
src/routes/projects/+page.svelte,37,js,bc160811,Grace Huang,2024-03-19,23:16:41,-04:00,2024-03-19T23:16:41-04:00,3,11
src/routes/projects/+page.svelte,38,js,bc160811,Grace Huang,2024-03-19,23:16:41,-04:00,2024-03-19T23:16:41-04:00,3,10
src/routes/projects/+page.svelte,39,js,bc160811,Grace Huang,2024-03-19,23:16:41,-04:00,2024-03-19T23:16:41-04:00,3,7
src/routes/projects/+page.svelte,40,js,bc160811,Grace Huang,2024-03-19,23:16:41,-04:00,2024-03-19T23:16:41-04:00,2,0
src/routes/projects/+page.svelte,41,js,bc160811,Grace Huang,2024-03-19,23:16:41,-04:00,2024-03-19T23:16:41-04:00,2,41
src/routes/projects/+page.svelte,42,js,bc160811,Grace Huang,2024-03-19,23:16:41,-04:00,2024-03-19T23:16:41-04:00,3,31
src/routes/projects/+page.svelte,43,js,bc160811,Grace Huang,2024-03-19,23:16:41,-04:00,2024-03-19T23:16:41-04:00,2,0
src/routes/projects/+page.svelte,44,js,bc160811,Grace Huang,2024-03-19,23:16:41,-04:00,2024-03-19T23:16:41-04:00,1,0
src/routes/projects/+page.svelte,45,js,bc160811,Grace Huang,2024-03-19,23:16:41,-04:00,2024-03-19T23:16:41-04:00,0,0
src/routes/projects/+page.svelte,46,svelte,4a6f8f35,Grace Huang,2024-03-05,23:04:18,-05:00,2024-03-05T23:04:18-05:00,0,9
src/routes/projects/+page.svelte,47,svelte,4a6f8f35,Grace Huang,2024-03-05,23:04:18,-05:00,2024-03-05T23:04:18-05:00,0,0
src/routes/projects/+page.svelte,48,svelte,4a6f8f35,Grace Huang,2024-03-05,23:04:18,-05:00,2024-03-05T23:04:18-05:00,0,35
src/routes/projects/+page.svelte,49,svelte,bc160811,Grace Huang,2024-03-19,23:16:41,-04:00,2024-03-19T23:16:41-04:00,0,60
src/routes/projects/+page.svelte,50,svelte,bc160811,Grace Huang,2024-03-19,23:16:41,-04:00,2024-03-19T23:16:41-04:00,0,5
src/routes/projects/+page.svelte,51,svelte,bc160811,Grace Huang,2024-03-19,23:16:41,-04:00,2024-03-19T23:16:41-04:00,1,7
src/routes/projects/+page.svelte,52,svelte,bc160811,Grace Huang,2024-03-19,23:16:41,-04:00,2024-03-19T23:16:41-04:00,2,9
src/routes/projects/+page.svelte,53,svelte,bc160811,Grace Huang,2024-03-19,23:16:41,-04:00,2024-03-19T23:16:41-04:00,2,14
src/routes/projects/+page.svelte,54,svelte,bc160811,Grace Huang,2024-03-19,23:16:41,-04:00,2024-03-19T23:16:41-04:00,2,24
src/routes/projects/+page.svelte,55,svelte,bc160811,Grace Huang,2024-03-19,23:16:41,-04:00,2024-03-19T23:16:41-04:00,2,26
src/routes/projects/+page.svelte,56,svelte,bc160811,Grace Huang,2024-03-19,23:16:41,-04:00,2024-03-19T23:16:41-04:00,1,0
src/routes/projects/+page.svelte,57,svelte,bc160811,Grace Huang,2024-03-19,23:16:41,-04:00,2024-03-19T23:16:41-04:00,0,6
src/routes/projects/+page.svelte,58,svelte,94ed3d25,Grace Huang,2024-03-05,22:34:35,-05:00,2024-03-05T22:34:35-05:00,0,22
src/routes/projects/+page.svelte,59,svelte,bc160811,Grace Huang,2024-03-19,23:16:41,-04:00,2024-03-19T23:16:41-04:00,1,39
src/routes/projects/+page.svelte,60,svelte,94ed3d25,Grace Huang,2024-03-05,22:34:35,-05:00,2024-03-05T22:34:35-05:00,0,6
src/routes/projects/+page.svelte,61,svelte,4a6f8f35,Grace Huang,2024-03-05,23:04:18,-05:00,2024-03-05T23:04:18-05:00,0,0
src/routes/projects/+page.svelte,62,svelte,bc160811,Grace Huang,2024-03-19,23:16:41,-04:00,2024-03-19T23:16:41-04:00,0,7
src/routes/projects/+page.svelte,63,css,bc160811,Grace Huang,2024-03-19,23:16:41,-04:00,2024-03-19T23:16:41-04:00,1,5
src/routes/projects/+page.svelte,64,css,bc160811,Grace Huang,2024-03-19,23:16:41,-04:00,2024-03-19T23:16:41-04:00,2,10
src/routes/projects/+page.svelte,65,css,bc160811,Grace Huang,2024-03-19,23:16:41,-04:00,2024-03-19T23:16:41-04:00,1,0
src/routes/projects/+page.svelte,66,svelte,bc160811,Grace Huang,2024-03-19,23:16:41,-04:00,2024-03-19T23:16:41-04:00,0,8
src/routes/meta/+page.svelte,1,svelte,f8ebbab8,Grace Huang,2024-03-20,00:26:19,-04:00,2024-03-20T00:26:19-04:00,0,8
src/routes/meta/+page.svelte,2,js,f8ebbab8,Grace Huang,2024-03-20,00:26:19,-04:00,2024-03-20T00:26:19-04:00,1,23
src/routes/meta/+page.svelte,3,js,f8ebbab8,Grace Huang,2024-03-20,00:26:19,-04:00,2024-03-20T00:26:19-04:00,1,31
src/routes/meta/+page.svelte,4,js,f8ebbab8,Grace Huang,2024-03-20,00:26:19,-04:00,2024-03-20T00:26:19-04:00,1,41
src/routes/meta/+page.svelte,5,js,f8ebbab8,Grace Huang,2024-03-20,00:26:19,-04:00,2024-03-20T00:26:19-04:00,0,0
src/routes/meta/+page.svelte,6,js,f8ebbab8,Grace Huang,2024-03-20,00:26:19,-04:00,2024-03-20T00:26:19-04:00,1,12
src/routes/meta/+page.svelte,7,js,f8ebbab8,Grace Huang,2024-03-20,00:26:19,-04:00,2024-03-20T00:26:19-04:00,1,8
src/routes/meta/+page.svelte,8,js,f8ebbab8,Grace Huang,2024-03-20,00:26:19,-04:00,2024-03-20T00:26:19-04:00,1,19
src/routes/meta/+page.svelte,9,js,f8ebbab8,Grace Huang,2024-03-20,00:26:19,-04:00,2024-03-20T00:26:19-04:00,2,38
src/routes/meta/+page.svelte,10,js,f8ebbab8,Grace Huang,2024-03-20,00:26:19,-04:00,2024-03-20T00:26:19-04:00,3,1
src/routes/meta/+page.svelte,11,js,f8ebbab8,Grace Huang,2024-03-20,00:26:19,-04:00,2024-03-20T00:26:19-04:00,3,17
src/routes/meta/+page.svelte,12,js,f8ebbab8,Grace Huang,2024-03-20,00:26:19,-04:00,2024-03-20T00:26:19-04:00,3,19
src/routes/meta/+page.svelte,13,js,f8ebbab8,Grace Huang,2024-03-20,00:26:19,-04:00,2024-03-20T00:26:19-04:00,3,45
src/routes/meta/+page.svelte,14,js,f8ebbab8,Grace Huang,2024-03-20,00:26:19,-04:00,2024-03-20T00:26:19-04:00,3,27
src/routes/meta/+page.svelte,15,js,f8ebbab8,Grace Huang,2024-03-20,00:26:19,-04:00,2024-03-20T00:26:19-04:00,2,0
src/routes/meta/+page.svelte,16,js,f8ebbab8,Grace Huang,2024-03-20,00:26:19,-04:00,2024-03-20T00:26:19-04:00,1,1
src/routes/meta/+page.svelte,17,js,f8ebbab8,Grace Huang,2024-03-20,00:26:19,-04:00,2024-03-20T00:26:19-04:00,0,0
src/routes/meta/+page.svelte,18,js,f8ebbab8,Grace Huang,2024-03-20,00:26:19,-04:00,2024-03-20T00:26:19-04:00,1,10
src/routes/meta/+page.svelte,19,js,f8ebbab8,Grace Huang,2024-03-20,00:26:19,-04:00,2024-03-20T00:26:19-04:00,1,14
src/routes/meta/+page.svelte,20,js,f8ebbab8,Grace Huang,2024-03-20,00:26:19,-04:00,2024-03-20T00:26:19-04:00,0,0
src/routes/meta/+page.svelte,21,js,f8ebbab8,Grace Huang,2024-03-20,00:26:19,-04:00,2024-03-20T00:26:19-04:00,1,17
src/routes/meta/+page.svelte,22,js,f8ebbab8,Grace Huang,2024-03-20,00:26:19,-04:00,2024-03-20T00:26:19-04:00,2,24
src/routes/meta/+page.svelte,23,js,f8ebbab8,Grace Huang,2024-03-20,00:26:19,-04:00,2024-03-20T00:26:19-04:00,2,59
src/routes/meta/+page.svelte,24,js,f8ebbab8,Grace Huang,2024-03-20,00:26:19,-04:00,2024-03-20T00:26:19-04:00,1,10
src/routes/meta/+page.svelte,25,js,f8ebbab8,Grace Huang,2024-03-20,00:26:19,-04:00,2024-03-20T00:26:19-04:00,2,39
src/routes/meta/+page.svelte,26,js,f8ebbab8,Grace Huang,2024-03-20,00:26:19,-04:00,2024-03-20T00:26:19-04:00,2,0
src/routes/meta/+page.svelte,27,js,f8ebbab8,Grace Huang,2024-03-20,00:26:19,-04:00,2024-03-20T00:26:19-04:00,3,23
src/routes/meta/+page.svelte,28,js,18e2da8e,Grace Huang,2024-03-20,02:14:30,-04:00,2024-03-20T02:14:30-04:00,3,0
src/routes/meta/+page.svelte,29,js,18e2da8e,Grace Huang,2024-03-20,02:14:30,-04:00,2024-03-20T02:14:30-04:00,4,3
src/routes/meta/+page.svelte,30,js,18e2da8e,Grace Huang,2024-03-20,02:14:30,-04:00,2024-03-20T02:14:30-04:00,5,0
src/routes/meta/+page.svelte,31,js,18e2da8e,Grace Huang,2024-03-20,02:14:30,-04:00,2024-03-20T02:14:30-04:00,6,55
src/routes/meta/+page.svelte,32,js,18e2da8e,Grace Huang,2024-03-20,02:14:30,-04:00,2024-03-20T02:14:30-04:00,5,0
src/routes/meta/+page.svelte,33,js,18e2da8e,Grace Huang,2024-03-20,02:14:30,-04:00,2024-03-20T02:14:30-04:00,4,0
src/routes/meta/+page.svelte,34,js,f8ebbab8,Grace Huang,2024-03-20,00:26:19,-04:00,2024-03-20T00:26:19-04:00,2,0
src/routes/meta/+page.svelte,35,js,f8ebbab8,Grace Huang,2024-03-20,00:26:19,-04:00,2024-03-20T00:26:19-04:00,2,0
src/routes/meta/+page.svelte,36,js,f8ebbab8,Grace Huang,2024-03-20,00:26:19,-04:00,2024-03-20T00:26:19-04:00,3,23
src/routes/meta/+page.svelte,37,js,f8ebbab8,Grace Huang,2024-03-20,00:26:19,-04:00,2024-03-20T00:26:19-04:00,3,8
src/routes/meta/+page.svelte,38,js,f8ebbab8,Grace Huang,2024-03-20,00:26:19,-04:00,2024-03-20T00:26:19-04:00,4,59
src/routes/meta/+page.svelte,39,js,f8ebbab8,Grace Huang,2024-03-20,00:26:19,-04:00,2024-03-20T00:26:19-04:00,3,0
src/routes/meta/+page.svelte,40,js,f8ebbab8,Grace Huang,2024-03-20,00:26:19,-04:00,2024-03-20T00:26:19-04:00,2,0
src/routes/meta/+page.svelte,41,js,f8ebbab8,Grace Huang,2024-03-20,00:26:19,-04:00,2024-03-20T00:26:19-04:00,2,0
src/routes/meta/+page.svelte,42,js,f8ebbab8,Grace Huang,2024-03-20,00:26:19,-04:00,2024-03-20T00:26:19-04:00,3,16
src/routes/meta/+page.svelte,43,js,f8ebbab8,Grace Huang,2024-03-20,00:26:19,-04:00,2024-03-20T00:26:19-04:00,3,2
src/routes/meta/+page.svelte,44,js,f8ebbab8,Grace Huang,2024-03-20,00:26:19,-04:00,2024-03-20T00:26:19-04:00,4,61
src/routes/meta/+page.svelte,45,js,f8ebbab8,Grace Huang,2024-03-20,00:26:19,-04:00,2024-03-20T00:26:19-04:00,3,1
src/routes/meta/+page.svelte,46,js,f8ebbab8,Grace Huang,2024-03-20,00:26:19,-04:00,2024-03-20T00:26:19-04:00,2,0
src/routes/meta/+page.svelte,47,js,f8ebbab8,Grace Huang,2024-03-20,00:26:19,-04:00,2024-03-20T00:26:19-04:00,1,0
src/routes/meta/+page.svelte,48,js,f8ebbab8,Grace Huang,2024-03-20,00:26:19,-04:00,2024-03-20T00:26:19-04:00,1,19
src/routes/meta/+page.svelte,49,js,f8ebbab8,Grace Huang,2024-03-20,00:26:19,-04:00,2024-03-20T00:26:19-04:00,2,0
src/routes/meta/+page.svelte,50,js,f8ebbab8,Grace Huang,2024-03-20,00:26:19,-04:00,2024-03-20T00:26:19-04:00,3,24
src/routes/meta/+page.svelte,51,js,f8ebbab8,Grace Huang,2024-03-20,00:26:19,-04:00,2024-03-20T00:26:19-04:00,3,21
src/routes/meta/+page.svelte,52,js,f8ebbab8,Grace Huang,2024-03-20,00:26:19,-04:00,2024-03-20T00:26:19-04:00,4,13
src/routes/meta/+page.svelte,53,js,f8ebbab8,Grace Huang,2024-03-20,00:26:19,-04:00,2024-03-20T00:26:19-04:00,4,3
src/routes/meta/+page.svelte,54,js,f8ebbab8,Grace Huang,2024-03-20,00:26:19,-04:00,2024-03-20T00:26:19-04:00,5,1
src/routes/meta/+page.svelte,55,js,f8ebbab8,Grace Huang,2024-03-20,00:26:19,-04:00,2024-03-20T00:26:19-04:00,5,32
src/routes/meta/+page.svelte,56,js,f8ebbab8,Grace Huang,2024-03-20,00:26:19,-04:00,2024-03-20T00:26:19-04:00,5,0
src/routes/meta/+page.svelte,57,js,f8ebbab8,Grace Huang,2024-03-20,00:26:19,-04:00,2024-03-20T00:26:19-04:00,6,56
src/routes/meta/+page.svelte,58,js,f8ebbab8,Grace Huang,2024-03-20,00:26:19,-04:00,2024-03-20T00:26:19-04:00,5,11
src/routes/meta/+page.svelte,59,js,f8ebbab8,Grace Huang,2024-03-20,00:26:19,-04:00,2024-03-20T00:26:19-04:00,5,7
src/routes/meta/+page.svelte,60,js,f8ebbab8,Grace Huang,2024-03-20,00:26:19,-04:00,2024-03-20T00:26:19-04:00,5,7
src/routes/meta/+page.svelte,61,js,f8ebbab8,Grace Huang,2024-03-20,00:26:19,-04:00,2024-03-20T00:26:19-04:00,5,15
src/routes/meta/+page.svelte,62,js,f8ebbab8,Grace Huang,2024-03-20,00:26:19,-04:00,2024-03-20T00:26:19-04:00,5,15
src/routes/meta/+page.svelte,63,js,f8ebbab8,Grace Huang,2024-03-20,00:26:19,-04:00,2024-03-20T00:26:19-04:00,5,15
src/routes/meta/+page.svelte,64,js,f8ebbab8,Grace Huang,2024-03-20,00:26:19,-04:00,2024-03-20T00:26:19-04:00,4,0
src/routes/meta/+page.svelte,65,js,f8ebbab8,Grace Huang,2024-03-20,00:26:19,-04:00,2024-03-20T00:26:19-04:00,0,0
src/routes/meta/+page.svelte,66,js,f8ebbab8,Grace Huang,2024-03-20,00:26:19,-04:00,2024-03-20T00:26:19-04:00,4,17
src/routes/meta/+page.svelte,67,js,f8ebbab8,Grace Huang,2024-03-20,00:26:19,-04:00,2024-03-20T00:26:19-04:00,4,53
src/routes/meta/+page.svelte,68,js,f8ebbab8,Grace Huang,2024-03-20,00:26:19,-04:00,2024-03-20T00:26:19-04:00,4,29
src/routes/meta/+page.svelte,69,js,f8ebbab8,Grace Huang,2024-03-20,00:26:19,-04:00,2024-03-20T00:26:19-04:00,5,3
src/routes/meta/+page.svelte,70,js,f8ebbab8,Grace Huang,2024-03-20,00:26:19,-04:00,2024-03-20T00:26:19-04:00,5,9
src/routes/meta/+page.svelte,71,js,f8ebbab8,Grace Huang,2024-03-20,00:26:19,-04:00,2024-03-20T00:26:19-04:00,5,5
src/routes/meta/+page.svelte,72,js,f8ebbab8,Grace Huang,2024-03-20,00:26:19,-04:00,2024-03-20T00:26:19-04:00,5,8
src/routes/meta/+page.svelte,73,js,f8ebbab8,Grace Huang,2024-03-20,00:26:19,-04:00,2024-03-20T00:26:19-04:00,4,0
src/routes/meta/+page.svelte,74,js,f8ebbab8,Grace Huang,2024-03-20,00:26:19,-04:00,2024-03-20T00:26:19-04:00,0,0
src/routes/meta/+page.svelte,75,js,f8ebbab8,Grace Huang,2024-03-20,00:26:19,-04:00,2024-03-20T00:26:19-04:00,4,3
src/routes/meta/+page.svelte,76,js,f8ebbab8,Grace Huang,2024-03-20,00:26:19,-04:00,2024-03-20T00:26:19-04:00,3,0
src/routes/meta/+page.svelte,77,js,f8ebbab8,Grace Huang,2024-03-20,00:26:19,-04:00,2024-03-20T00:26:19-04:00,2,14
src/routes/meta/+page.svelte,78,js,f8ebbab8,Grace Huang,2024-03-20,00:26:19,-04:00,2024-03-20T00:26:19-04:00,2,8
src/routes/meta/+page.svelte,79,js,f8ebbab8,Grace Huang,2024-03-20,00:26:19,-04:00,2024-03-20T00:26:19-04:00,1,0
src/routes/meta/+page.svelte,80,js,f8ebbab8,Grace Huang,2024-03-20,00:26:19,-04:00,2024-03-20T00:26:19-04:00,0,0
src/routes/meta/+page.svelte,81,js,f8ebbab8,Grace Huang,2024-03-20,00:26:19,-04:00,2024-03-20T00:26:19-04:00,1,15
src/routes/meta/+page.svelte,82,js,f8ebbab8,Grace Huang,2024-03-20,00:26:19,-04:00,2024-03-20T00:26:19-04:00,2,9
src/routes/meta/+page.svelte,83,js,f8ebbab8,Grace Huang,2024-03-20,00:26:19,-04:00,2024-03-20T00:26:19-04:00,0,0
src/routes/meta/+page.svelte,84,js,f8ebbab8,Grace Huang,2024-03-20,00:26:19,-04:00,2024-03-20T00:26:19-04:00,1,56
src/routes/meta/+page.svelte,85,js,f8ebbab8,Grace Huang,2024-03-20,00:26:19,-04:00,2024-03-20T00:26:19-04:00,0,0
src/routes/meta/+page.svelte,86,js,f8ebbab8,Grace Huang,2024-03-20,00:26:19,-04:00,2024-03-20T00:26:19-04:00,1,12
src/routes/meta/+page.svelte,87,js,f8ebbab8,Grace Huang,2024-03-20,00:26:19,-04:00,2024-03-20T00:26:19-04:00,2,8
src/routes/meta/+page.svelte,88,js,f8ebbab8,Grace Huang,2024-03-20,00:26:19,-04:00,2024-03-20T00:26:19-04:00,2,46
src/routes/meta/+page.svelte,89,js,f8ebbab8,Grace Huang,2024-03-20,00:26:19,-04:00,2024-03-20T00:26:19-04:00,2,39
src/routes/meta/+page.svelte,90,js,f8ebbab8,Grace Huang,2024-03-20,00:26:19,-04:00,2024-03-20T00:26:19-04:00,2,4
src/routes/meta/+page.svelte,91,js,f8ebbab8,Grace Huang,2024-03-20,00:26:19,-04:00,2024-03-20T00:26:19-04:00,0,0
src/routes/meta/+page.svelte,92,js,f8ebbab8,Grace Huang,2024-03-20,00:26:19,-04:00,2024-03-20T00:26:19-04:00,1,12
src/routes/meta/+page.svelte,93,js,f8ebbab8,Grace Huang,2024-03-20,00:26:19,-04:00,2024-03-20T00:26:19-04:00,2,10
src/routes/meta/+page.svelte,94,js,f8ebbab8,Grace Huang,2024-03-20,00:26:19,-04:00,2024-03-20T00:26:19-04:00,2,12
src/routes/meta/+page.svelte,95,js,f8ebbab8,Grace Huang,2024-03-20,00:26:19,-04:00,2024-03-20T00:26:19-04:00,2,41
src/routes/meta/+page.svelte,96,js,f8ebbab8,Grace Huang,2024-03-20,00:26:19,-04:00,2024-03-20T00:26:19-04:00,0,0
src/routes/meta/+page.svelte,97,js,f8ebbab8,Grace Huang,2024-03-20,00:26:19,-04:00,2024-03-20T00:26:19-04:00,1,15
src/routes/meta/+page.svelte,98,js,f8ebbab8,Grace Huang,2024-03-20,00:26:19,-04:00,2024-03-20T00:26:19-04:00,0,0
src/routes/meta/+page.svelte,99,js,f8ebbab8,Grace Huang,2024-03-20,00:26:19,-04:00,2024-03-20T00:26:19-04:00,1,2
src/routes/meta/+page.svelte,100,js,f8ebbab8,Grace Huang,2024-03-20,00:26:19,-04:00,2024-03-20T00:26:19-04:00,2,41
src/routes/meta/+page.svelte,101,js,f8ebbab8,Grace Huang,2024-03-20,00:26:19,-04:00,2024-03-20T00:26:19-04:00,2,18
src/routes/meta/+page.svelte,102,js,f8ebbab8,Grace Huang,2024-03-20,00:26:19,-04:00,2024-03-20T00:26:19-04:00,3,67
src/routes/meta/+page.svelte,103,js,f8ebbab8,Grace Huang,2024-03-20,00:26:19,-04:00,2024-03-20T00:26:19-04:00,2,0
src/routes/meta/+page.svelte,104,js,f8ebbab8,Grace Huang,2024-03-20,00:26:19,-04:00,2024-03-20T00:26:19-04:00,1,0
src/routes/meta/+page.svelte,105,js,f8ebbab8,Grace Huang,2024-03-20,00:26:19,-04:00,2024-03-20T00:26:19-04:00,0,0
src/routes/meta/+page.svelte,106,js,f8ebbab8,Grace Huang,2024-03-20,00:26:19,-04:00,2024-03-20T00:26:19-04:00,1,17
src/routes/meta/+page.svelte,107,js,f8ebbab8,Grace Huang,2024-03-20,00:26:19,-04:00,2024-03-20T00:26:19-04:00,1,17
src/routes/meta/+page.svelte,108,js,f8ebbab8,Grace Huang,2024-03-20,00:26:19,-04:00,2024-03-20T00:26:19-04:00,1,2
src/routes/meta/+page.svelte,109,js,f8ebbab8,Grace Huang,2024-03-20,00:26:19,-04:00,2024-03-20T00:26:19-04:00,2,27
src/routes/meta/+page.svelte,110,js,f8ebbab8,Grace Huang,2024-03-20,00:26:19,-04:00,2024-03-20T00:26:19-04:00,3,0
src/routes/meta/+page.svelte,111,js,f8ebbab8,Grace Huang,2024-03-20,00:26:19,-04:00,2024-03-20T00:26:19-04:00,4,9
src/routes/meta/+page.svelte,112,js,f8ebbab8,Grace Huang,2024-03-20,00:26:19,-04:00,2024-03-20T00:26:19-04:00,4,7
src/routes/meta/+page.svelte,113,js,f8ebbab8,Grace Huang,2024-03-20,00:26:19,-04:00,2024-03-20T00:26:19-04:00,4,38
src/routes/meta/+page.svelte,114,js,f8ebbab8,Grace Huang,2024-03-20,00:26:19,-04:00,2024-03-20T00:26:19-04:00,2,0
src/routes/meta/+page.svelte,115,js,f8ebbab8,Grace Huang,2024-03-20,00:26:19,-04:00,2024-03-20T00:26:19-04:00,2,27
src/routes/meta/+page.svelte,116,js,f8ebbab8,Grace Huang,2024-03-20,00:26:19,-04:00,2024-03-20T00:26:19-04:00,3,0
src/routes/meta/+page.svelte,117,js,f8ebbab8,Grace Huang,2024-03-20,00:26:19,-04:00,2024-03-20T00:26:19-04:00,4,11
src/routes/meta/+page.svelte,118,js,f8ebbab8,Grace Huang,2024-03-20,00:26:19,-04:00,2024-03-20T00:26:19-04:00,4,7
src/routes/meta/+page.svelte,119,js,f8ebbab8,Grace Huang,2024-03-20,00:26:19,-04:00,2024-03-20T00:26:19-04:00,4,39
src/routes/meta/+page.svelte,120,js,f8ebbab8,Grace Huang,2024-03-20,00:26:19,-04:00,2024-03-20T00:26:19-04:00,2,0
src/routes/meta/+page.svelte,121,js,f8ebbab8,Grace Huang,2024-03-20,00:26:19,-04:00,2024-03-20T00:26:19-04:00,1,0
src/routes/meta/+page.svelte,122,js,f8ebbab8,Grace Huang,2024-03-20,00:26:19,-04:00,2024-03-20T00:26:19-04:00,1,20
src/routes/meta/+page.svelte,123,js,f8ebbab8,Grace Huang,2024-03-20,00:26:19,-04:00,2024-03-20T00:26:19-04:00,1,45
src/routes/meta/+page.svelte,124,js,18e2da8e,Grace Huang,2024-03-20,02:14:30,-04:00,2024-03-20T02:14:30-04:00,0,0
src/routes/meta/+page.svelte,125,js,18e2da8e,Grace Huang,2024-03-20,02:14:30,-04:00,2024-03-20T02:14:30-04:00,1,26
src/routes/meta/+page.svelte,126,svelte,f8ebbab8,Grace Huang,2024-03-20,00:26:19,-04:00,2024-03-20T00:26:19-04:00,0,9
src/routes/meta/+page.svelte,127,svelte,f8ebbab8,Grace Huang,2024-03-20,00:26:19,-04:00,2024-03-20T00:26:19-04:00,0,0
src/routes/meta/+page.svelte,128,svelte,18e2da8e,Grace Huang,2024-03-20,02:14:30,-04:00,2024-03-20T02:14:30-04:00,0,19
src/routes/meta/+page.svelte,129,svelte,f8ebbab8,Grace Huang,2024-03-20,00:26:19,-04:00,2024-03-20T00:26:19-04:00,0,41
src/routes/meta/+page.svelte,130,svelte,f8ebbab8,Grace Huang,2024-03-20,00:26:19,-04:00,2024-03-20T00:26:19-04:00,0,22
src/routes/meta/+page.svelte,131,svelte,f8ebbab8,Grace Huang,2024-03-20,00:26:19,-04:00,2024-03-20T00:26:19-04:00,0,0
src/routes/meta/+page.svelte,132,svelte,18e2da8e,Grace Huang,2024-03-20,02:14:30,-04:00,2024-03-20T02:14:30-04:00,0,31
src/routes/meta/+page.svelte,133,svelte,f8ebbab8,Grace Huang,2024-03-20,00:26:19,-04:00,2024-03-20T00:26:19-04:00,0,36
src/routes/meta/+page.svelte,134,svelte,f8ebbab8,Grace Huang,2024-03-20,00:26:19,-04:00,2024-03-20T00:26:19-04:00,1,0
src/routes/meta/+page.svelte,135,svelte,f8ebbab8,Grace Huang,2024-03-20,00:26:19,-04:00,2024-03-20T00:26:19-04:00,2,13
src/routes/meta/+page.svelte,136,svelte,f8ebbab8,Grace Huang,2024-03-20,00:26:19,-04:00,2024-03-20T00:26:19-04:00,2,46
src/routes/meta/+page.svelte,137,svelte,f8ebbab8,Grace Huang,2024-03-20,00:26:19,-04:00,2024-03-20T00:26:19-04:00,2,22
src/routes/meta/+page.svelte,138,svelte,f8ebbab8,Grace Huang,2024-03-20,00:26:19,-04:00,2024-03-20T00:26:19-04:00,1,0
src/routes/meta/+page.svelte,139,svelte,f8ebbab8,Grace Huang,2024-03-20,00:26:19,-04:00,2024-03-20T00:26:19-04:00,1,0
src/routes/meta/+page.svelte,140,svelte,f8ebbab8,Grace Huang,2024-03-20,00:26:19,-04:00,2024-03-20T00:26:19-04:00,2,13
src/routes/meta/+page.svelte,141,svelte,f8ebbab8,Grace Huang,2024-03-20,00:26:19,-04:00,2024-03-20T00:26:19-04:00,2,35
src/routes/meta/+page.svelte,142,svelte,f8ebbab8,Grace Huang,2024-03-20,00:26:19,-04:00,2024-03-20T00:26:19-04:00,2,22
src/routes/meta/+page.svelte,143,svelte,f8ebbab8,Grace Huang,2024-03-20,00:26:19,-04:00,2024-03-20T00:26:19-04:00,1,0
src/routes/meta/+page.svelte,144,svelte,f8ebbab8,Grace Huang,2024-03-20,00:26:19,-04:00,2024-03-20T00:26:19-04:00,1,72
src/routes/meta/+page.svelte,145,svelte,f8ebbab8,Grace Huang,2024-03-20,00:26:19,-04:00,2024-03-20T00:26:19-04:00,1,61
src/routes/meta/+page.svelte,146,svelte,f8ebbab8,Grace Huang,2024-03-20,00:26:19,-04:00,2024-03-20T00:26:19-04:00,1,30
src/routes/meta/+page.svelte,147,svelte,f8ebbab8,Grace Huang,2024-03-20,00:26:19,-04:00,2024-03-20T00:26:19-04:00,2,3
src/routes/meta/+page.svelte,148,svelte,f8ebbab8,Grace Huang,2024-03-20,00:26:19,-04:00,2024-03-20T00:26:19-04:00,3,22
src/routes/meta/+page.svelte,149,svelte,f8ebbab8,Grace Huang,2024-03-20,00:26:19,-04:00,2024-03-20T00:26:19-04:00,3,33
src/routes/meta/+page.svelte,150,svelte,f8ebbab8,Grace Huang,2024-03-20,00:26:19,-04:00,2024-03-20T00:26:19-04:00,3,0
src/routes/meta/+page.svelte,151,svelte,f8ebbab8,Grace Huang,2024-03-20,00:26:19,-04:00,2024-03-20T00:26:19-04:00,3,10
src/routes/meta/+page.svelte,152,svelte,18e2da8e,Grace Huang,2024-03-20,02:14:30,-04:00,2024-03-20T02:14:30-04:00,3,19
src/routes/meta/+page.svelte,153,svelte,18e2da8e,Grace Huang,2024-03-20,02:14:30,-04:00,2024-03-20T02:14:30-04:00,4,13
src/routes/meta/+page.svelte,154,svelte,18e2da8e,Grace Huang,2024-03-20,02:14:30,-04:00,2024-03-20T02:14:30-04:00,4,24
src/routes/meta/+page.svelte,155,svelte,18e2da8e,Grace Huang,2024-03-20,02:14:30,-04:00,2024-03-20T02:14:30-04:00,3,0
src/routes/meta/+page.svelte,156,svelte,18e2da8e,Grace Huang,2024-03-20,02:14:30,-04:00,2024-03-20T02:14:30-04:00,3,38
src/routes/meta/+page.svelte,157,svelte,f8ebbab8,Grace Huang,2024-03-20,00:26:19,-04:00,2024-03-20T00:26:19-04:00,2,0
src/routes/meta/+page.svelte,158,svelte,f8ebbab8,Grace Huang,2024-03-20,00:26:19,-04:00,2024-03-20T00:26:19-04:00,1,10
src/routes/meta/+page.svelte,159,svelte,f8ebbab8,Grace Huang,2024-03-20,00:26:19,-04:00,2024-03-20T00:26:19-04:00,0,1
src/routes/meta/+page.svelte,160,svelte,f8ebbab8,Grace Huang,2024-03-20,00:26:19,-04:00,2024-03-20T00:26:19-04:00,0,0
src/routes/meta/+page.svelte,161,svelte,18e2da8e,Grace Huang,2024-03-20,02:14:30,-04:00,2024-03-20T02:14:30-04:00,0,3
src/routes/meta/+page.svelte,162,svelte,18e2da8e,Grace Huang,2024-03-20,02:14:30,-04:00,2024-03-20T02:14:30-04:00,1,10
src/routes/meta/+page.svelte,163,svelte,18e2da8e,Grace Huang,2024-03-20,02:14:30,-04:00,2024-03-20T02:14:30-04:00,1,26
src/routes/meta/+page.svelte,164,svelte,18e2da8e,Grace Huang,2024-03-20,02:14:30,-04:00,2024-03-20T02:14:30-04:00,1,43
src/routes/meta/+page.svelte,165,svelte,18e2da8e,Grace Huang,2024-03-20,02:14:30,-04:00,2024-03-20T02:14:30-04:00,0,1
src/routes/meta/+page.svelte,166,svelte,18e2da8e,Grace Huang,2024-03-20,02:14:30,-04:00,2024-03-20T02:14:30-04:00,1,13
src/routes/meta/+page.svelte,167,svelte,18e2da8e,Grace Huang,2024-03-20,02:14:30,-04:00,2024-03-20T02:14:30-04:00,1,73
src/routes/meta/+page.svelte,168,svelte,18e2da8e,Grace Huang,2024-03-20,02:14:30,-04:00,2024-03-20T02:14:30-04:00,0,0
src/routes/meta/+page.svelte,169,svelte,18e2da8e,Grace Huang,2024-03-20,02:14:30,-04:00,2024-03-20T02:14:30-04:00,1,13
src/routes/meta/+page.svelte,170,svelte,18e2da8e,Grace Huang,2024-03-20,02:14:30,-04:00,2024-03-20T02:14:30-04:00,1,29
src/routes/meta/+page.svelte,171,svelte,18e2da8e,Grace Huang,2024-03-20,02:14:30,-04:00,2024-03-20T02:14:30-04:00,1,11
src/routes/meta/+page.svelte,172,svelte,18e2da8e,Grace Huang,2024-03-20,02:14:30,-04:00,2024-03-20T02:14:30-04:00,1,71
src/routes/meta/+page.svelte,173,svelte,18e2da8e,Grace Huang,2024-03-20,02:14:30,-04:00,2024-03-20T02:14:30-04:00,0,0
src/routes/meta/+page.svelte,174,svelte,18e2da8e,Grace Huang,2024-03-20,02:14:30,-04:00,2024-03-20T02:14:30-04:00,1,19
src/routes/meta/+page.svelte,175,svelte,18e2da8e,Grace Huang,2024-03-20,02:14:30,-04:00,2024-03-20T02:14:30-04:00,1,36
src/routes/meta/+page.svelte,176,svelte,18e2da8e,Grace Huang,2024-03-20,02:14:30,-04:00,2024-03-20T02:14:30-04:00,1,38
src/routes/meta/+page.svelte,177,svelte,18e2da8e,Grace Huang,2024-03-20,02:14:30,-04:00,2024-03-20T02:14:30-04:00,0,5
src/routes/meta/+page.svelte,178,svelte,18e2da8e,Grace Huang,2024-03-20,02:14:30,-04:00,2024-03-20T02:14:30-04:00,0,0
src/routes/meta/+page.svelte,179,svelte,f8ebbab8,Grace Huang,2024-03-20,00:26:19,-04:00,2024-03-20T00:26:19-04:00,0,7
src/routes/meta/+page.svelte,180,css,f8ebbab8,Grace Huang,2024-03-20,00:26:19,-04:00,2024-03-20T00:26:19-04:00,1,3
src/routes/meta/+page.svelte,181,css,f8ebbab8,Grace Huang,2024-03-20,00:26:19,-04:00,2024-03-20T00:26:19-04:00,2,14
src/routes/meta/+page.svelte,182,css,f8ebbab8,Grace Huang,2024-03-20,00:26:19,-04:00,2024-03-20T00:26:19-04:00,1,0
src/routes/meta/+page.svelte,183,css,f8ebbab8,Grace Huang,2024-03-20,00:26:19,-04:00,2024-03-20T00:26:19-04:00,0,0
src/routes/meta/+page.svelte,184,css,f8ebbab8,Grace Huang,2024-03-20,00:26:19,-04:00,2024-03-20T00:26:19-04:00,1,10
src/routes/meta/+page.svelte,185,css,f8ebbab8,Grace Huang,2024-03-20,00:26:19,-04:00,2024-03-20T00:26:19-04:00,2,16
src/routes/meta/+page.svelte,186,css,f8ebbab8,Grace Huang,2024-03-20,00:26:19,-04:00,2024-03-20T00:26:19-04:00,1,0
src/routes/meta/+page.svelte,187,css,18e2da8e,Grace Huang,2024-03-20,02:14:30,-04:00,2024-03-20T02:14:30-04:00,0,0
src/routes/meta/+page.svelte,188,css,18e2da8e,Grace Huang,2024-03-20,02:14:30,-04:00,2024-03-20T02:14:30-04:00,1,7
src/routes/meta/+page.svelte,189,css,18e2da8e,Grace Huang,2024-03-20,02:14:30,-04:00,2024-03-20T02:14:30-04:00,2,39
src/routes/meta/+page.svelte,190,css,18e2da8e,Grace Huang,2024-03-20,02:14:30,-04:00,2024-03-20T02:14:30-04:00,2,0
src/routes/meta/+page.svelte,191,css,18e2da8e,Grace Huang,2024-03-20,02:14:30,-04:00,2024-03-20T02:14:30-04:00,2,12
src/routes/meta/+page.svelte,192,css,18e2da8e,Grace Huang,2024-03-20,02:14:30,-04:00,2024-03-20T02:14:30-04:00,2,10
src/routes/meta/+page.svelte,193,css,18e2da8e,Grace Huang,2024-03-20,02:14:30,-04:00,2024-03-20T02:14:30-04:00,2,27
src/routes/meta/+page.svelte,194,css,18e2da8e,Grace Huang,2024-03-20,02:14:30,-04:00,2024-03-20T02:14:30-04:00,2,7
src/routes/meta/+page.svelte,195,css,18e2da8e,Grace Huang,2024-03-20,02:14:30,-04:00,2024-03-20T02:14:30-04:00,0,0
src/routes/meta/+page.svelte,196,css,18e2da8e,Grace Huang,2024-03-20,02:14:30,-04:00,2024-03-20T02:14:30-04:00,2,7
src/routes/meta/+page.svelte,197,css,18e2da8e,Grace Huang,2024-03-20,02:14:30,-04:00,2024-03-20T02:14:30-04:00,2,8
src/routes/meta/+page.svelte,198,css,18e2da8e,Grace Huang,2024-03-20,02:14:30,-04:00,2024-03-20T02:14:30-04:00,0,0
src/routes/meta/+page.svelte,199,css,18e2da8e,Grace Huang,2024-03-20,02:14:30,-04:00,2024-03-20T02:14:30-04:00,2,23
src/routes/meta/+page.svelte,200,css,18e2da8e,Grace Huang,2024-03-20,02:14:30,-04:00,2024-03-20T02:14:30-04:00,2,37
src/routes/meta/+page.svelte,201,css,18e2da8e,Grace Huang,2024-03-20,02:14:30,-04:00,2024-03-20T02:14:30-04:00,0,0
src/routes/meta/+page.svelte,202,css,18e2da8e,Grace Huang,2024-03-20,02:14:30,-04:00,2024-03-20T02:14:30-04:00,2,34
src/routes/meta/+page.svelte,203,css,18e2da8e,Grace Huang,2024-03-20,02:14:30,-04:00,2024-03-20T02:14:30-04:00,3,5
src/routes/meta/+page.svelte,204,css,18e2da8e,Grace Huang,2024-03-20,02:14:30,-04:00,2024-03-20T02:14:30-04:00,3,13
src/routes/meta/+page.svelte,205,css,18e2da8e,Grace Huang,2024-03-20,02:14:30,-04:00,2024-03-20T02:14:30-04:00,0,0
src/routes/meta/+page.svelte,206,css,18e2da8e,Grace Huang,2024-03-20,02:14:30,-04:00,2024-03-20T02:14:30-04:00,3,48
src/routes/meta/+page.svelte,207,css,18e2da8e,Grace Huang,2024-03-20,02:14:30,-04:00,2024-03-20T02:14:30-04:00,3,15
src/routes/meta/+page.svelte,208,css,18e2da8e,Grace Huang,2024-03-20,02:14:30,-04:00,2024-03-20T02:14:30-04:00,0,0
src/routes/meta/+page.svelte,209,css,18e2da8e,Grace Huang,2024-03-20,02:14:30,-04:00,2024-03-20T02:14:30-04:00,3,44
src/routes/meta/+page.svelte,210,css,18e2da8e,Grace Huang,2024-03-20,02:14:30,-04:00,2024-03-20T02:14:30-04:00,3,18
src/routes/meta/+page.svelte,211,css,18e2da8e,Grace Huang,2024-03-20,02:14:30,-04:00,2024-03-20T02:14:30-04:00,2,0
src/routes/meta/+page.svelte,212,css,18e2da8e,Grace Huang,2024-03-20,02:14:30,-04:00,2024-03-20T02:14:30-04:00,1,0
src/routes/meta/+page.svelte,213,css,18e2da8e,Grace Huang,2024-03-20,02:14:30,-04:00,2024-03-20T02:14:30-04:00,0,0
src/routes/meta/+page.svelte,214,css,18e2da8e,Grace Huang,2024-03-20,02:14:30,-04:00,2024-03-20T02:14:30-04:00,1,8
src/routes/meta/+page.svelte,215,css,18e2da8e,Grace Huang,2024-03-20,02:14:30,-04:00,2024-03-20T02:14:30-04:00,2,11
src/routes/meta/+page.svelte,216,css,18e2da8e,Grace Huang,2024-03-20,02:14:30,-04:00,2024-03-20T02:14:30-04:00,1,0
src/routes/meta/+page.svelte,217,css,18e2da8e,Grace Huang,2024-03-20,02:14:30,-04:00,2024-03-20T02:14:30-04:00,1,2
src/routes/meta/+page.svelte,218,css,18e2da8e,Grace Huang,2024-03-20,02:14:30,-04:00,2024-03-20T02:14:30-04:00,2,13
src/routes/meta/+page.svelte,219,css,18e2da8e,Grace Huang,2024-03-20,02:14:30,-04:00,2024-03-20T02:14:30-04:00,1,0
src/routes/meta/+page.svelte,220,css,18e2da8e,Grace Huang,2024-03-20,02:14:30,-04:00,2024-03-20T02:14:30-04:00,0,0
src/routes/meta/+page.svelte,221,css,18e2da8e,Grace Huang,2024-03-20,02:14:30,-04:00,2024-03-20T02:14:30-04:00,1,6
src/routes/meta/+page.svelte,222,css,18e2da8e,Grace Huang,2024-03-20,02:14:30,-04:00,2024-03-20T02:14:30-04:00,2,14
src/routes/meta/+page.svelte,223,css,18e2da8e,Grace Huang,2024-03-20,02:14:30,-04:00,2024-03-20T02:14:30-04:00,0,0
src/routes/meta/+page.svelte,224,css,18e2da8e,Grace Huang,2024-03-20,02:14:30,-04:00,2024-03-20T02:14:30-04:00,2,22
src/routes/meta/+page.svelte,225,css,18e2da8e,Grace Huang,2024-03-20,02:14:30,-04:00,2024-03-20T02:14:30-04:00,2,20
src/routes/meta/+page.svelte,226,css,18e2da8e,Grace Huang,2024-03-20,02:14:30,-04:00,2024-03-20T02:14:30-04:00,0,0
src/routes/meta/+page.svelte,227,css,18e2da8e,Grace Huang,2024-03-20,02:14:30,-04:00,2024-03-20T02:14:30-04:00,2,5
src/routes/meta/+page.svelte,228,css,18e2da8e,Grace Huang,2024-03-20,02:14:30,-04:00,2024-03-20T02:14:30-04:00,3,16
src/routes/meta/+page.svelte,229,css,18e2da8e,Grace Huang,2024-03-20,02:14:30,-04:00,2024-03-20T02:14:30-04:00,3,26
src/routes/meta/+page.svelte,230,css,18e2da8e,Grace Huang,2024-03-20,02:14:30,-04:00,2024-03-20T02:14:30-04:00,3,15
src/routes/meta/+page.svelte,231,css,18e2da8e,Grace Huang,2024-03-20,02:14:30,-04:00,2024-03-20T02:14:30-04:00,2,0
src/routes/meta/+page.svelte,232,css,18e2da8e,Grace Huang,2024-03-20,02:14:30,-04:00,2024-03-20T02:14:30-04:00,1,0
src/routes/meta/+page.svelte,233,svelte,f8ebbab8,Grace Huang,2024-03-20,00:26:19,-04:00,2024-03-20T00:26:19-04:00,0,8
src/routes/cv/+page.svelte,1,svelte,94ed3d25,Grace Huang,2024-03-05,22:34:35,-05:00,2024-03-05T22:34:35-05:00,0,10
src/routes/cv/+page.svelte,2,svelte,7773fb07,Grace Huang,2024-03-05,19:40:12,-05:00,2024-03-05T19:40:12-05:00,4,0
src/routes/cv/+page.svelte,3,svelte,7773fb07,Grace Huang,2024-03-05,19:40:12,-05:00,2024-03-05T19:40:12-05:00,6,26
src/routes/cv/+page.svelte,4,svelte,7773fb07,Grace Huang,2024-03-05,19:40:12,-05:00,2024-03-05T19:40:12-05:00,6,37
src/routes/cv/+page.svelte,5,svelte,7773fb07,Grace Huang,2024-03-05,19:40:12,-05:00,2024-03-05T19:40:12-05:00,6,39
src/routes/cv/+page.svelte,6,svelte,7773fb07,Grace Huang,2024-03-05,19:40:12,-05:00,2024-03-05T19:40:12-05:00,6,29
src/routes/cv/+page.svelte,7,svelte,7773fb07,Grace Huang,2024-03-05,19:40:12,-05:00,2024-03-05T19:40:12-05:00,6,60
src/routes/cv/+page.svelte,8,svelte,7773fb07,Grace Huang,2024-03-05,19:40:12,-05:00,2024-03-05T19:40:12-05:00,4,0
src/routes/cv/+page.svelte,9,svelte,7773fb07,Grace Huang,2024-03-05,19:40:12,-05:00,2024-03-05T19:40:12-05:00,2,6
src/routes/cv/+page.svelte,10,svelte,94ed3d25,Grace Huang,2024-03-05,22:34:35,-05:00,2024-03-05T22:34:35-05:00,0,15
src/routes/cv/+page.svelte,11,svelte,94ed3d25,Grace Huang,2024-03-05,22:34:35,-05:00,2024-03-05T22:34:35-05:00,0,9
src/routes/cv/+page.svelte,12,svelte,94ed3d25,Grace Huang,2024-03-05,22:34:35,-05:00,2024-03-05T22:34:35-05:00,1,16
src/routes/cv/+page.svelte,13,svelte,94ed3d25,Grace Huang,2024-03-05,22:34:35,-05:00,2024-03-05T22:34:35-05:00,1,27
src/routes/cv/+page.svelte,14,svelte,94ed3d25,Grace Huang,2024-03-05,22:34:35,-05:00,2024-03-05T22:34:35-05:00,2,21
src/routes/cv/+page.svelte,15,svelte,94ed3d25,Grace Huang,2024-03-05,22:34:35,-05:00,2024-03-05T22:34:35-05:00,3,64
src/routes/cv/+page.svelte,16,svelte,94ed3d25,Grace Huang,2024-03-05,22:34:35,-05:00,2024-03-05T22:34:35-05:00,3,14
src/routes/cv/+page.svelte,17,svelte,94ed3d25,Grace Huang,2024-03-05,22:34:35,-05:00,2024-03-05T22:34:35-05:00,2,2
src/routes/cv/+page.svelte,18,svelte,94ed3d25,Grace Huang,2024-03-05,22:34:35,-05:00,2024-03-05T22:34:35-05:00,2,1
src/routes/cv/+page.svelte,19,svelte,94ed3d25,Grace Huang,2024-03-05,22:34:35,-05:00,2024-03-05T22:34:35-05:00,3,0
src/routes/cv/+page.svelte,20,svelte,94ed3d25,Grace Huang,2024-03-05,22:34:35,-05:00,2024-03-05T22:34:35-05:00,4,0
src/routes/cv/+page.svelte,21,svelte,94ed3d25,Grace Huang,2024-03-05,22:34:35,-05:00,2024-03-05T22:34:35-05:00,5,60
src/routes/cv/+page.svelte,22,svelte,94ed3d25,Grace Huang,2024-03-05,22:34:35,-05:00,2024-03-05T22:34:35-05:00,5,17
src/routes/cv/+page.svelte,23,svelte,94ed3d25,Grace Huang,2024-03-05,22:34:35,-05:00,2024-03-05T22:34:35-05:00,4,0
src/routes/cv/+page.svelte,24,svelte,94ed3d25,Grace Huang,2024-03-05,22:34:35,-05:00,2024-03-05T22:34:35-05:00,3,0
src/routes/cv/+page.svelte,25,svelte,94ed3d25,Grace Huang,2024-03-05,22:34:35,-05:00,2024-03-05T22:34:35-05:00,2,2
src/routes/cv/+page.svelte,26,svelte,94ed3d25,Grace Huang,2024-03-05,22:34:35,-05:00,2024-03-05T22:34:35-05:00,1,8
src/routes/cv/+page.svelte,27,svelte,94ed3d25,Grace Huang,2024-03-05,22:34:35,-05:00,2024-03-05T22:34:35-05:00,1,27
src/routes/cv/+page.svelte,28,svelte,94ed3d25,Grace Huang,2024-03-05,22:34:35,-05:00,2024-03-05T22:34:35-05:00,2,21
src/routes/cv/+page.svelte,29,svelte,94ed3d25,Grace Huang,2024-03-05,22:34:35,-05:00,2024-03-05T22:34:35-05:00,3,51
src/routes/cv/+page.svelte,30,svelte,94ed3d25,Grace Huang,2024-03-05,22:34:35,-05:00,2024-03-05T22:34:35-05:00,3,14
src/routes/cv/+page.svelte,31,svelte,94ed3d25,Grace Huang,2024-03-05,22:34:35,-05:00,2024-03-05T22:34:35-05:00,2,2
src/routes/cv/+page.svelte,32,svelte,94ed3d25,Grace Huang,2024-03-05,22:34:35,-05:00,2024-03-05T22:34:35-05:00,2,1
src/routes/cv/+page.svelte,33,svelte,94ed3d25,Grace Huang,2024-03-05,22:34:35,-05:00,2024-03-05T22:34:35-05:00,3,0
src/routes/cv/+page.svelte,34,svelte,94ed3d25,Grace Huang,2024-03-05,22:34:35,-05:00,2024-03-05T22:34:35-05:00,4,24
src/routes/cv/+page.svelte,35,svelte,94ed3d25,Grace Huang,2024-03-05,22:34:35,-05:00,2024-03-05T22:34:35-05:00,4,23
src/routes/cv/+page.svelte,36,svelte,94ed3d25,Grace Huang,2024-03-05,22:34:35,-05:00,2024-03-05T22:34:35-05:00,4,19
src/routes/cv/+page.svelte,37,svelte,94ed3d25,Grace Huang,2024-03-05,22:34:35,-05:00,2024-03-05T22:34:35-05:00,3,0
src/routes/cv/+page.svelte,38,svelte,94ed3d25,Grace Huang,2024-03-05,22:34:35,-05:00,2024-03-05T22:34:35-05:00,2,2
src/routes/cv/+page.svelte,39,svelte,94ed3d25,Grace Huang,2024-03-05,22:34:35,-05:00,2024-03-05T22:34:35-05:00,1,8
src/routes/cv/+page.svelte,40,svelte,94ed3d25,Grace Huang,2024-03-05,22:34:35,-05:00,2024-03-05T22:34:35-05:00,0,10
src/routes/cv/+page.svelte,41,svelte,94ed3d25,Grace Huang,2024-03-05,22:34:35,-05:00,2024-03-05T22:34:35-05:00,0,9
src/routes/cv/+page.svelte,42,svelte,94ed3d25,Grace Huang,2024-03-05,22:34:35,-05:00,2024-03-05T22:34:35-05:00,1,17
src/routes/cv/+page.svelte,43,svelte,94ed3d25,Grace Huang,2024-03-05,22:34:35,-05:00,2024-03-05T22:34:35-05:00,1,27
src/routes/cv/+page.svelte,44,svelte,94ed3d25,Grace Huang,2024-03-05,22:34:35,-05:00,2024-03-05T22:34:35-05:00,2,21
src/routes/cv/+page.svelte,45,svelte,94ed3d25,Grace Huang,2024-03-05,22:34:35,-05:00,2024-03-05T22:34:35-05:00,3,11
src/routes/cv/+page.svelte,46,svelte,94ed3d25,Grace Huang,2024-03-05,22:34:35,-05:00,2024-03-05T22:34:35-05:00,3,14
src/routes/cv/+page.svelte,47,svelte,94ed3d25,Grace Huang,2024-03-05,22:34:35,-05:00,2024-03-05T22:34:35-05:00,2,2
src/routes/cv/+page.svelte,48,svelte,94ed3d25,Grace Huang,2024-03-05,22:34:35,-05:00,2024-03-05T22:34:35-05:00,2,1
src/routes/cv/+page.svelte,49,svelte,94ed3d25,Grace Huang,2024-03-05,22:34:35,-05:00,2024-03-05T22:34:35-05:00,3,0
src/routes/cv/+page.svelte,50,svelte,94ed3d25,Grace Huang,2024-03-05,22:34:35,-05:00,2024-03-05T22:34:35-05:00,4,12
src/routes/cv/+page.svelte,51,svelte,94ed3d25,Grace Huang,2024-03-05,22:34:35,-05:00,2024-03-05T22:34:35-05:00,3,0
src/routes/cv/+page.svelte,52,svelte,94ed3d25,Grace Huang,2024-03-05,22:34:35,-05:00,2024-03-05T22:34:35-05:00,2,2
src/routes/cv/+page.svelte,53,svelte,94ed3d25,Grace Huang,2024-03-05,22:34:35,-05:00,2024-03-05T22:34:35-05:00,1,8
src/routes/cv/+page.svelte,54,svelte,94ed3d25,Grace Huang,2024-03-05,22:34:35,-05:00,2024-03-05T22:34:35-05:00,0,10
src/routes/contact/+page.svelte,1,svelte,94ed3d25,Grace Huang,2024-03-05,22:34:35,-05:00,2024-03-05T22:34:35-05:00,0,10
src/routes/contact/+page.svelte,2,svelte,7773fb07,Grace Huang,2024-03-05,19:40:12,-05:00,2024-03-05T19:40:12-05:00,4,0
src/routes/contact/+page.svelte,3,svelte,7773fb07,Grace Huang,2024-03-05,19:40:12,-05:00,2024-03-05T19:40:12-05:00,6,29
src/routes/contact/+page.svelte,4,svelte,7773fb07,Grace Huang,2024-03-05,19:40:12,-05:00,2024-03-05T19:40:12-05:00,6,29
src/routes/contact/+page.svelte,5,svelte,7773fb07,Grace Huang,2024-03-05,19:40:12,-05:00,2024-03-05T19:40:12-05:00,6,42
src/routes/contact/+page.svelte,6,svelte,7773fb07,Grace Huang,2024-03-05,19:40:12,-05:00,2024-03-05T19:40:12-05:00,6,32
src/routes/contact/+page.svelte,7,svelte,7773fb07,Grace Huang,2024-03-05,19:40:12,-05:00,2024-03-05T19:40:12-05:00,6,60
src/routes/contact/+page.svelte,8,svelte,7773fb07,Grace Huang,2024-03-05,19:40:12,-05:00,2024-03-05T19:40:12-05:00,4,0
src/routes/contact/+page.svelte,9,svelte,7773fb07,Grace Huang,2024-03-05,19:40:12,-05:00,2024-03-05T19:40:12-05:00,2,6
src/routes/contact/+page.svelte,10,svelte,94ed3d25,Grace Huang,2024-03-05,22:34:35,-05:00,2024-03-05T22:34:35-05:00,0,16
src/routes/contact/+page.svelte,11,svelte,94ed3d25,Grace Huang,2024-03-05,22:34:35,-05:00,2024-03-05T22:34:35-05:00,0,38
src/routes/contact/+page.svelte,12,svelte,94ed3d25,Grace Huang,2024-03-05,22:34:35,-05:00,2024-03-05T22:34:35-05:00,1,5
src/routes/contact/+page.svelte,13,svelte,94ed3d25,Grace Huang,2024-03-05,22:34:35,-05:00,2024-03-05T22:34:35-05:00,2,3
src/routes/contact/+page.svelte,14,svelte,94ed3d25,Grace Huang,2024-03-05,22:34:35,-05:00,2024-03-05T22:34:35-05:00,2,31
src/routes/contact/+page.svelte,15,svelte,94ed3d25,Grace Huang,2024-03-05,22:34:35,-05:00,2024-03-05T22:34:35-05:00,1,6
src/routes/contact/+page.svelte,16,svelte,94ed3d25,Grace Huang,2024-03-05,22:34:35,-05:00,2024-03-05T22:34:35-05:00,1,5
src/routes/contact/+page.svelte,17,svelte,94ed3d25,Grace Huang,2024-03-05,22:34:35,-05:00,2024-03-05T22:34:35-05:00,2,0
src/routes/contact/+page.svelte,18,svelte,94ed3d25,Grace Huang,2024-03-05,22:34:35,-05:00,2024-03-05T22:34:35-05:00,2,29
src/routes/contact/+page.svelte,19,svelte,94ed3d25,Grace Huang,2024-03-05,22:34:35,-05:00,2024-03-05T22:34:35-05:00,1,6
src/routes/contact/+page.svelte,20,svelte,94ed3d25,Grace Huang,2024-03-05,22:34:35,-05:00,2024-03-05T22:34:35-05:00,1,21
src/routes/contact/+page.svelte,21,svelte,94ed3d25,Grace Huang,2024-03-05,22:34:35,-05:00,2024-03-05T22:34:35-05:00,0,7
src/lib/index.js,1,js,2724a42,Grace Huang,2024-03-05,16:50:46,-05:00,2024-03-05T16:50:46-05:00,0,74
src/lib/Stats.svelte,1,svelte,f8ebbab8,Grace Huang,2024-03-20,00:26:19,-04:00,2024-03-20T00:26:19-04:00,0,8
src/lib/Stats.svelte,2,js,f8ebbab8,Grace Huang,2024-03-20,00:26:19,-04:00,2024-03-20T00:26:19-04:00,1,69
src/lib/Stats.svelte,3,svelte,f8ebbab8,Grace Huang,2024-03-20,00:26:19,-04:00,2024-03-20T00:26:19-04:00,0,9
src/lib/Stats.svelte,4,svelte,f8ebbab8,Grace Huang,2024-03-20,00:26:19,-04:00,2024-03-20T00:26:19-04:00,0,0
src/lib/Stats.svelte,5,svelte,f8ebbab8,Grace Huang,2024-03-20,00:26:19,-04:00,2024-03-20T00:26:19-04:00,0,4
src/lib/Stats.svelte,6,svelte,f8ebbab8,Grace Huang,2024-03-20,00:26:19,-04:00,2024-03-20T00:26:19-04:00,1,18
src/lib/Stats.svelte,7,svelte,f8ebbab8,Grace Huang,2024-03-20,00:26:19,-04:00,2024-03-20T00:26:19-04:00,2,1
src/lib/Stats.svelte,8,svelte,f8ebbab8,Grace Huang,2024-03-20,00:26:19,-04:00,2024-03-20T00:26:19-04:00,3,15
src/lib/Stats.svelte,9,svelte,f8ebbab8,Grace Huang,2024-03-20,00:26:19,-04:00,2024-03-20T00:26:19-04:00,3,0
src/lib/Stats.svelte,10,svelte,f8ebbab8,Grace Huang,2024-03-20,00:26:19,-04:00,2024-03-20T00:26:19-04:00,4,4
src/lib/Stats.svelte,11,svelte,f8ebbab8,Grace Huang,2024-03-20,00:26:19,-04:00,2024-03-20T00:26:19-04:00,3,0
src/lib/Stats.svelte,12,svelte,f8ebbab8,Grace Huang,2024-03-20,00:26:19,-04:00,2024-03-20T00:26:19-04:00,2,2
src/lib/Stats.svelte,13,svelte,f8ebbab8,Grace Huang,2024-03-20,00:26:19,-04:00,2024-03-20T00:26:19-04:00,1,5
src/lib/Stats.svelte,14,svelte,f8ebbab8,Grace Huang,2024-03-20,00:26:19,-04:00,2024-03-20T00:26:19-04:00,0,5
src/lib/Stats.svelte,15,svelte,f8ebbab8,Grace Huang,2024-03-20,00:26:19,-04:00,2024-03-20T00:26:19-04:00,0,7
src/lib/Stats.svelte,16,css,f8ebbab8,Grace Huang,2024-03-20,00:26:19,-04:00,2024-03-20T00:26:19-04:00,0,0
src/lib/Stats.svelte,17,css,f8ebbab8,Grace Huang,2024-03-20,00:26:19,-04:00,2024-03-20T00:26:19-04:00,1,2
src/lib/Stats.svelte,18,css,f8ebbab8,Grace Huang,2024-03-20,00:26:19,-04:00,2024-03-20T00:26:19-04:00,2,10
src/lib/Stats.svelte,19,css,f8ebbab8,Grace Huang,2024-03-20,00:26:19,-04:00,2024-03-20T00:26:19-04:00,2,26
src/lib/Stats.svelte,20,css,f8ebbab8,Grace Huang,2024-03-20,00:26:19,-04:00,2024-03-20T00:26:19-04:00,1,0
src/lib/Stats.svelte,21,css,f8ebbab8,Grace Huang,2024-03-20,00:26:19,-04:00,2024-03-20T00:26:19-04:00,0,0
src/lib/Stats.svelte,22,css,f8ebbab8,Grace Huang,2024-03-20,00:26:19,-04:00,2024-03-20T00:26:19-04:00,1,6
src/lib/Stats.svelte,23,css,f8ebbab8,Grace Huang,2024-03-20,00:26:19,-04:00,2024-03-20T00:26:19-04:00,2,14
src/lib/Stats.svelte,24,css,f8ebbab8,Grace Huang,2024-03-20,00:26:19,-04:00,2024-03-20T00:26:19-04:00,1,0
src/lib/Stats.svelte,25,css,f8ebbab8,Grace Huang,2024-03-20,00:26:19,-04:00,2024-03-20T00:26:19-04:00,1,2
src/lib/Stats.svelte,26,css,f8ebbab8,Grace Huang,2024-03-20,00:26:19,-04:00,2024-03-20T00:26:19-04:00,2,8
src/lib/Stats.svelte,27,css,f8ebbab8,Grace Huang,2024-03-20,00:26:19,-04:00,2024-03-20T00:26:19-04:00,3,7
src/lib/Stats.svelte,28,css,f8ebbab8,Grace Huang,2024-03-20,00:26:19,-04:00,2024-03-20T00:26:19-04:00,3,5
src/lib/Stats.svelte,29,css,f8ebbab8,Grace Huang,2024-03-20,00:26:19,-04:00,2024-03-20T00:26:19-04:00,2,21
src/lib/Stats.svelte,30,css,f8ebbab8,Grace Huang,2024-03-20,00:26:19,-04:00,2024-03-20T00:26:19-04:00,2,12
src/lib/Stats.svelte,31,css,f8ebbab8,Grace Huang,2024-03-20,00:26:19,-04:00,2024-03-20T00:26:19-04:00,1,0
src/lib/Stats.svelte,32,css,f8ebbab8,Grace Huang,2024-03-20,00:26:19,-04:00,2024-03-20T00:26:19-04:00,0,0
src/lib/Stats.svelte,33,css,f8ebbab8,Grace Huang,2024-03-20,00:26:19,-04:00,2024-03-20T00:26:19-04:00,1,2
src/lib/Stats.svelte,34,css,f8ebbab8,Grace Huang,2024-03-20,00:26:19,-04:00,2024-03-20T00:26:19-04:00,2,12
src/lib/Stats.svelte,35,css,f8ebbab8,Grace Huang,2024-03-20,00:26:19,-04:00,2024-03-20T00:26:19-04:00,1,0
src/lib/Stats.svelte,36,svelte,f8ebbab8,Grace Huang,2024-03-20,00:26:19,-04:00,2024-03-20T00:26:19-04:00,0,8
src/lib/Projects.svelte,1,svelte,4a6f8f35,Grace Huang,2024-03-05,23:04:18,-05:00,2024-03-05T23:04:18-05:00,0,8
src/lib/Projects.svelte,2,js,4a6f8f35,Grace Huang,2024-03-05,23:04:18,-05:00,2024-03-05T23:04:18-05:00,1,26
src/lib/Projects.svelte,3,js,3c193e83,Grace Huang,2024-03-06,01:44:59,-05:00,2024-03-06T01:44:59-05:00,1,20
src/lib/Projects.svelte,4,js,4a6f8f35,Grace Huang,2024-03-05,23:04:18,-05:00,2024-03-05T23:04:18-05:00,0,0
src/lib/Projects.svelte,5,js,4a6f8f35,Grace Huang,2024-03-05,23:04:18,-05:00,2024-03-05T23:04:18-05:00,1,40
src/lib/Projects.svelte,6,svelte,4a6f8f35,Grace Huang,2024-03-05,23:04:18,-05:00,2024-03-05T23:04:18-05:00,0,9
src/lib/Projects.svelte,7,svelte,4a6f8f35,Grace Huang,2024-03-05,23:04:18,-05:00,2024-03-05T23:04:18-05:00,0,0
src/lib/Projects.svelte,8,svelte,4a6f8f35,Grace Huang,2024-03-05,23:04:18,-05:00,2024-03-05T23:04:18-05:00,0,24
src/lib/Projects.svelte,9,svelte,3c193e83,Grace Huang,2024-03-06,01:44:59,-05:00,2024-03-06T01:44:59-05:00,1,27
src/lib/Projects.svelte,10,svelte,4a6f8f35,Grace Huang,2024-03-05,23:04:18,-05:00,2024-03-05T23:04:18-05:00,0,7
src/lib/Project.svelte,1,svelte,4a6f8f35,Grace Huang,2024-03-05,23:04:18,-05:00,2024-03-05T23:04:18-05:00,0,8
src/lib/Project.svelte,2,js,4a6f8f35,Grace Huang,2024-03-05,23:04:18,-05:00,2024-03-05T23:04:18-05:00,1,19
src/lib/Project.svelte,3,js,4a6f8f35,Grace Huang,2024-03-05,23:04:18,-05:00,2024-03-05T23:04:18-05:00,1,20
src/lib/Project.svelte,4,svelte,4a6f8f35,Grace Huang,2024-03-05,23:04:18,-05:00,2024-03-05T23:04:18-05:00,0,9
src/lib/Project.svelte,5,svelte,4a6f8f35,Grace Huang,2024-03-05,23:04:18,-05:00,2024-03-05T23:04:18-05:00,0,0
src/lib/Project.svelte,6,svelte,4a6f8f35,Grace Huang,2024-03-05,23:04:18,-05:00,2024-03-05T23:04:18-05:00,0,9
src/lib/Project.svelte,7,svelte,bc160811,Grace Huang,2024-03-19,23:16:41,-04:00,2024-03-19T23:16:41-04:00,1,63
src/lib/Project.svelte,8,svelte,bc160811,Grace Huang,2024-03-19,23:16:41,-04:00,2024-03-19T23:16:41-04:00,0,0
src/lib/Project.svelte,9,svelte,bc160811,Grace Huang,2024-03-19,23:16:41,-04:00,2024-03-19T23:16:41-04:00,1,29
src/lib/Project.svelte,10,svelte,bc160811,Grace Huang,2024-03-19,23:16:41,-04:00,2024-03-19T23:16:41-04:00,1,3
src/lib/Project.svelte,11,svelte,bc160811,Grace Huang,2024-03-19,23:16:41,-04:00,2024-03-19T23:16:41-04:00,2,0
src/lib/Project.svelte,12,svelte,bc160811,Grace Huang,2024-03-19,23:16:41,-04:00,2024-03-19T23:16:41-04:00,3,12
src/lib/Project.svelte,13,svelte,bc160811,Grace Huang,2024-03-19,23:16:41,-04:00,2024-03-19T23:16:41-04:00,2,0
src/lib/Project.svelte,14,svelte,bc160811,Grace Huang,2024-03-19,23:16:41,-04:00,2024-03-19T23:16:41-04:00,2,27
src/lib/Project.svelte,15,svelte,bc160811,Grace Huang,2024-03-19,23:16:41,-04:00,2024-03-19T23:16:41-04:00,1,4
src/lib/Project.svelte,16,svelte,4a6f8f35,Grace Huang,2024-03-05,23:04:18,-05:00,2024-03-05T23:04:18-05:00,0,10
src/lib/Project.svelte,17,svelte,4a6f8f35,Grace Huang,2024-03-05,23:04:18,-05:00,2024-03-05T23:04:18-05:00,0,0
src/lib/Project.svelte,18,svelte,4a6f8f35,Grace Huang,2024-03-05,23:04:18,-05:00,2024-03-05T23:04:18-05:00,0,7
src/lib/Project.svelte,19,css,3c193e83,Grace Huang,2024-03-06,01:44:59,-05:00,2024-03-06T01:44:59-05:00,1,1
src/lib/Project.svelte,20,css,3c193e83,Grace Huang,2024-03-06,01:44:59,-05:00,2024-03-06T01:44:59-05:00,1,2
src/lib/Project.svelte,21,css,3c193e83,Grace Huang,2024-03-06,01:44:59,-05:00,2024-03-06T01:44:59-05:00,2,6
src/lib/Project.svelte,22,css,3c193e83,Grace Huang,2024-03-06,01:44:59,-05:00,2024-03-06T01:44:59-05:00,1,0
src/lib/Project.svelte,23,css,3c193e83,Grace Huang,2024-03-06,01:44:59,-05:00,2024-03-06T01:44:59-05:00,1,7
src/lib/Project.svelte,24,css,3c193e83,Grace Huang,2024-03-06,01:44:59,-05:00,2024-03-06T01:44:59-05:00,2,10
src/lib/Project.svelte,25,css,3c193e83,Grace Huang,2024-03-06,01:44:59,-05:00,2024-03-06T01:44:59-05:00,2,24
src/lib/Project.svelte,26,css,3c193e83,Grace Huang,2024-03-06,01:44:59,-05:00,2024-03-06T01:44:59-05:00,2,13
src/lib/Project.svelte,27,css,3c193e83,Grace Huang,2024-03-06,01:44:59,-05:00,2024-03-06T01:44:59-05:00,1,0
src/lib/Project.svelte,28,css,bc160811,Grace Huang,2024-03-19,23:16:41,-04:00,2024-03-19T23:16:41-04:00,0,0
src/lib/Project.svelte,29,css,bc160811,Grace Huang,2024-03-19,23:16:41,-04:00,2024-03-19T23:16:41-04:00,1,5
src/lib/Project.svelte,30,css,bc160811,Grace Huang,2024-03-19,23:16:41,-04:00,2024-03-19T23:16:41-04:00,2,8
src/lib/Project.svelte,31,css,bc160811,Grace Huang,2024-03-19,23:16:41,-04:00,2024-03-19T23:16:41-04:00,1,0
src/lib/Project.svelte,32,svelte,3c193e83,Grace Huang,2024-03-06,01:44:59,-05:00,2024-03-06T01:44:59-05:00,0,8
src/lib/Pie.svelte,1,svelte,bc160811,Grace Huang,2024-03-19,23:16:41,-04:00,2024-03-19T23:16:41-04:00,0,8
src/lib/Pie.svelte,2,js,bc160811,Grace Huang,2024-03-19,23:16:41,-04:00,2024-03-19T23:16:41-04:00,1,23
src/lib/Pie.svelte,3,js,bc160811,Grace Huang,2024-03-19,23:16:41,-04:00,2024-03-19T23:16:41-04:00,0,0
src/lib/Pie.svelte,4,js,bc160811,Grace Huang,2024-03-19,23:16:41,-04:00,2024-03-19T23:16:41-04:00,1,57
src/lib/Pie.svelte,5,js,bc160811,Grace Huang,2024-03-19,23:16:41,-04:00,2024-03-19T23:16:41-04:00,0,0
src/lib/Pie.svelte,6,js,bc160811,Grace Huang,2024-03-19,23:16:41,-04:00,2024-03-19T23:16:41-04:00,1,19
src/lib/Pie.svelte,7,js,bc160811,Grace Huang,2024-03-19,23:16:41,-04:00,2024-03-19T23:16:41-04:00,1,28
src/lib/Pie.svelte,8,js,bc160811,Grace Huang,2024-03-19,23:16:41,-04:00,2024-03-19T23:16:41-04:00,0,0
src/lib/Pie.svelte,9,js,bc160811,Grace Huang,2024-03-19,23:16:41,-04:00,2024-03-19T23:16:41-04:00,1,50
src/lib/Pie.svelte,10,js,bc160811,Grace Huang,2024-03-19,23:16:41,-04:00,2024-03-19T23:16:41-04:00,1,10
src/lib/Pie.svelte,11,js,bc160811,Grace Huang,2024-03-19,23:16:41,-04:00,2024-03-19T23:16:41-04:00,1,7
src/lib/Pie.svelte,12,js,bc160811,Grace Huang,2024-03-19,23:16:41,-04:00,2024-03-19T23:16:41-04:00,1,32
src/lib/Pie.svelte,13,js,bc160811,Grace Huang,2024-03-19,23:16:41,-04:00,2024-03-19T23:16:41-04:00,1,44
src/lib/Pie.svelte,14,js,bc160811,Grace Huang,2024-03-19,23:16:41,-04:00,2024-03-19T23:16:41-04:00,1,45
src/lib/Pie.svelte,15,js,bc160811,Grace Huang,2024-03-19,23:16:41,-04:00,2024-03-19T23:16:41-04:00,0,0
src/lib/Pie.svelte,16,js,bc160811,Grace Huang,2024-03-19,23:16:41,-04:00,2024-03-19T23:16:41-04:00,1,37
src/lib/Pie.svelte,17,js,bc160811,Grace Huang,2024-03-19,23:16:41,-04:00,2024-03-19T23:16:41-04:00,2,38
src/lib/Pie.svelte,18,js,bc160811,Grace Huang,2024-03-19,23:16:41,-04:00,2024-03-19T23:16:41-04:00,3,47
src/lib/Pie.svelte,19,js,bc160811,Grace Huang,2024-03-19,23:16:41,-04:00,2024-03-19T23:16:41-04:00,2,0
src/lib/Pie.svelte,20,js,bc160811,Grace Huang,2024-03-19,23:16:41,-04:00,2024-03-19T23:16:41-04:00,1,0
src/lib/Pie.svelte,21,svelte,bc160811,Grace Huang,2024-03-19,23:16:41,-04:00,2024-03-19T23:16:41-04:00,0,9
src/lib/Pie.svelte,22,svelte,bc160811,Grace Huang,2024-03-19,23:16:41,-04:00,2024-03-19T23:16:41-04:00,0,0
src/lib/Pie.svelte,23,svelte,bc160811,Grace Huang,2024-03-19,23:16:41,-04:00,2024-03-19T23:16:41-04:00,0,23
src/lib/Pie.svelte,24,svelte,bc160811,Grace Huang,2024-03-19,23:16:41,-04:00,2024-03-19T23:16:41-04:00,1,29
src/lib/Pie.svelte,25,svelte,bc160811,Grace Huang,2024-03-19,23:16:41,-04:00,2024-03-19T23:16:41-04:00,2,18
src/lib/Pie.svelte,26,svelte,bc160811,Grace Huang,2024-03-19,23:16:41,-04:00,2024-03-19T23:16:41-04:00,3,0
src/lib/Pie.svelte,27,svelte,bc160811,Grace Huang,2024-03-19,23:16:41,-04:00,2024-03-19T23:16:41-04:00,4,0
src/lib/Pie.svelte,28,svelte,bc160811,Grace Huang,2024-03-19,23:16:41,-04:00,2024-03-19T23:16:41-04:00,4,0
src/lib/Pie.svelte,29,svelte,bc160811,Grace Huang,2024-03-19,23:16:41,-04:00,2024-03-19T23:16:41-04:00,6,31
src/lib/Pie.svelte,30,svelte,bc160811,Grace Huang,2024-03-19,23:16:41,-04:00,2024-03-19T23:16:41-04:00,6,28
src/lib/Pie.svelte,31,svelte,bc160811,Grace Huang,2024-03-19,23:16:41,-04:00,2024-03-19T23:16:41-04:00,4,8
src/lib/Pie.svelte,32,svelte,bc160811,Grace Huang,2024-03-19,23:16:41,-04:00,2024-03-19T23:16:41-04:00,4,28
src/lib/Pie.svelte,33,svelte,bc160811,Grace Huang,2024-03-19,23:16:41,-04:00,2024-03-19T23:16:41-04:00,4,4
src/lib/Pie.svelte,34,svelte,bc160811,Grace Huang,2024-03-19,23:16:41,-04:00,2024-03-19T23:16:41-04:00,4,5
src/lib/Pie.svelte,35,svelte,bc160811,Grace Huang,2024-03-19,23:16:41,-04:00,2024-03-19T23:16:41-04:00,4,27
src/lib/Pie.svelte,36,svelte,bc160811,Grace Huang,2024-03-19,23:16:41,-04:00,2024-03-19T23:16:41-04:00,4,27
src/lib/Pie.svelte,37,svelte,bc160811,Grace Huang,2024-03-19,23:16:41,-04:00,2024-03-19T23:16:41-04:00,3,0
src/lib/Pie.svelte,38,svelte,bc160811,Grace Huang,2024-03-19,23:16:41,-04:00,2024-03-19T23:16:41-04:00,2,3
src/lib/Pie.svelte,39,svelte,bc160811,Grace Huang,2024-03-19,23:16:41,-04:00,2024-03-19T23:16:41-04:00,1,4
src/lib/Pie.svelte,40,svelte,bc160811,Grace Huang,2024-03-19,23:16:41,-04:00,2024-03-19T23:16:41-04:00,1,17
src/lib/Pie.svelte,41,svelte,bc160811,Grace Huang,2024-03-19,23:16:41,-04:00,2024-03-19T23:16:41-04:00,2,20
src/lib/Pie.svelte,42,svelte,bc160811,Grace Huang,2024-03-19,23:16:41,-04:00,2024-03-19T23:16:41-04:00,3,31
src/lib/Pie.svelte,43,svelte,bc160811,Grace Huang,2024-03-19,23:16:41,-04:00,2024-03-19T23:16:41-04:00,4,20
src/lib/Pie.svelte,44,svelte,bc160811,Grace Huang,2024-03-19,23:16:41,-04:00,2024-03-19T23:16:41-04:00,4,0
src/lib/Pie.svelte,45,svelte,bc160811,Grace Huang,2024-03-19,23:16:41,-04:00,2024-03-19T23:16:41-04:00,5,20
src/lib/Pie.svelte,46,svelte,bc160811,Grace Huang,2024-03-19,23:16:41,-04:00,2024-03-19T23:16:41-04:00,4,0
src/lib/Pie.svelte,47,svelte,bc160811,Grace Huang,2024-03-19,23:16:41,-04:00,2024-03-19T23:16:41-04:00,3,0
src/lib/Pie.svelte,48,svelte,bc160811,Grace Huang,2024-03-19,23:16:41,-04:00,2024-03-19T23:16:41-04:00,2,3
src/lib/Pie.svelte,49,svelte,bc160811,Grace Huang,2024-03-19,23:16:41,-04:00,2024-03-19T23:16:41-04:00,1,3
src/lib/Pie.svelte,50,svelte,bc160811,Grace Huang,2024-03-19,23:16:41,-04:00,2024-03-19T23:16:41-04:00,0,6
src/lib/Pie.svelte,51,svelte,bc160811,Grace Huang,2024-03-19,23:16:41,-04:00,2024-03-19T23:16:41-04:00,0,0
src/lib/Pie.svelte,52,svelte,bc160811,Grace Huang,2024-03-19,23:16:41,-04:00,2024-03-19T23:16:41-04:00,0,7
src/lib/Pie.svelte,53,css,bc160811,Grace Huang,2024-03-19,23:16:41,-04:00,2024-03-19T23:16:41-04:00,1,3
src/lib/Pie.svelte,54,css,bc160811,Grace Huang,2024-03-19,23:16:41,-04:00,2024-03-19T23:16:41-04:00,2,12
src/lib/Pie.svelte,55,css,bc160811,Grace Huang,2024-03-19,23:16:41,-04:00,2024-03-19T23:16:41-04:00,2,14
src/lib/Pie.svelte,56,css,bc160811,Grace Huang,2024-03-19,23:16:41,-04:00,2024-03-19T23:16:41-04:00,0,0
src/lib/Pie.svelte,57,css,bc160811,Grace Huang,2024-03-19,23:16:41,-04:00,2024-03-19T23:16:41-04:00,2,39
src/lib/Pie.svelte,58,css,bc160811,Grace Huang,2024-03-19,23:16:41,-04:00,2024-03-19T23:16:41-04:00,2,14
src/lib/Pie.svelte,59,css,bc160811,Grace Huang,2024-03-19,23:16:41,-04:00,2024-03-19T23:16:41-04:00,1,0
src/lib/Pie.svelte,60,css,bc160811,Grace Huang,2024-03-19,23:16:41,-04:00,2024-03-19T23:16:41-04:00,1,9
src/lib/Pie.svelte,61,css,bc160811,Grace Huang,2024-03-19,23:16:41,-04:00,2024-03-19T23:16:41-04:00,2,33
src/lib/Pie.svelte,62,css,bc160811,Grace Huang,2024-03-19,23:16:41,-04:00,2024-03-19T23:16:41-04:00,0,0
src/lib/Pie.svelte,63,css,bc160811,Grace Huang,2024-03-19,23:16:41,-04:00,2024-03-19T23:16:41-04:00,2,8
src/lib/Pie.svelte,64,css,bc160811,Grace Huang,2024-03-19,23:16:41,-04:00,2024-03-19T23:16:41-04:00,3,13
src/lib/Pie.svelte,65,css,bc160811,Grace Huang,2024-03-19,23:16:41,-04:00,2024-03-19T23:16:41-04:00,2,0
src/lib/Pie.svelte,66,css,bc160811,Grace Huang,2024-03-19,23:16:41,-04:00,2024-03-19T23:16:41-04:00,1,0
src/lib/Pie.svelte,67,css,bc160811,Grace Huang,2024-03-19,23:16:41,-04:00,2024-03-19T23:16:41-04:00,0,0
src/lib/Pie.svelte,68,css,bc160811,Grace Huang,2024-03-19,23:16:41,-04:00,2024-03-19T23:16:41-04:00,1,4
src/lib/Pie.svelte,69,css,bc160811,Grace Huang,2024-03-19,23:16:41,-04:00,2024-03-19T23:16:41-04:00,2,49
src/lib/Pie.svelte,70,css,bc160811,Grace Huang,2024-03-19,23:16:41,-04:00,2024-03-19T23:16:41-04:00,2,53
src/lib/Pie.svelte,71,css,bc160811,Grace Huang,2024-03-19,23:16:41,-04:00,2024-03-19T23:16:41-04:00,2,14
src/lib/Pie.svelte,72,css,bc160811,Grace Huang,2024-03-19,23:16:41,-04:00,2024-03-19T23:16:41-04:00,2,12
src/lib/Pie.svelte,73,css,bc160811,Grace Huang,2024-03-19,23:16:41,-04:00,2024-03-19T23:16:41-04:00,2,10
src/lib/Pie.svelte,74,css,bc160811,Grace Huang,2024-03-19,23:16:41,-04:00,2024-03-19T23:16:41-04:00,0,0
src/lib/Pie.svelte,75,css,bc160811,Grace Huang,2024-03-19,23:16:41,-04:00,2024-03-19T23:16:41-04:00,2,45
src/lib/Pie.svelte,76,css,bc160811,Grace Huang,2024-03-19,23:16:41,-04:00,2024-03-19T23:16:41-04:00,3,30
src/lib/Pie.svelte,77,css,bc160811,Grace Huang,2024-03-19,23:16:41,-04:00,2024-03-19T23:16:41-04:00,0,0
src/lib/Pie.svelte,78,css,bc160811,Grace Huang,2024-03-19,23:16:41,-04:00,2024-03-19T23:16:41-04:00,2,8
src/lib/Pie.svelte,79,css,bc160811,Grace Huang,2024-03-19,23:16:41,-04:00,2024-03-19T23:16:41-04:00,3,57
src/lib/Pie.svelte,80,css,bc160811,Grace Huang,2024-03-19,23:16:41,-04:00,2024-03-19T23:16:41-04:00,4,28
src/lib/Pie.svelte,81,css,bc160811,Grace Huang,2024-03-19,23:16:41,-04:00,2024-03-19T23:16:41-04:00,2,0
src/lib/Pie.svelte,82,css,bc160811,Grace Huang,2024-03-19,23:16:41,-04:00,2024-03-19T23:16:41-04:00,1,0
src/lib/Pie.svelte,83,css,bc160811,Grace Huang,2024-03-19,23:16:41,-04:00,2024-03-19T23:16:41-04:00,0,0
src/lib/Pie.svelte,84,css,bc160811,Grace Huang,2024-03-19,23:16:41,-04:00,2024-03-19T23:16:41-04:00,1,39
src/lib/Pie.svelte,85,css,bc160811,Grace Huang,2024-03-19,23:16:41,-04:00,2024-03-19T23:16:41-04:00,2,30
src/lib/Pie.svelte,86,css,bc160811,Grace Huang,2024-03-19,23:16:41,-04:00,2024-03-19T23:16:41-04:00,3,7
src/lib/Pie.svelte,87,css,bc160811,Grace Huang,2024-03-19,23:16:41,-04:00,2024-03-19T23:16:41-04:00,2,0
src/lib/Pie.svelte,88,css,bc160811,Grace Huang,2024-03-19,23:16:41,-04:00,2024-03-19T23:16:41-04:00,1,0
src/lib/Pie.svelte,89,css,bc160811,Grace Huang,2024-03-19,23:16:41,-04:00,2024-03-19T23:16:41-04:00,1,10
src/lib/Pie.svelte,90,css,bc160811,Grace Huang,2024-03-19,23:16:41,-04:00,2024-03-19T23:16:41-04:00,2,10
src/lib/Pie.svelte,91,css,bc160811,Grace Huang,2024-03-19,23:16:41,-04:00,2024-03-19T23:16:41-04:00,2,5
src/lib/Pie.svelte,92,css,bc160811,Grace Huang,2024-03-19,23:16:41,-04:00,2024-03-19T23:16:41-04:00,1,0
src/lib/Pie.svelte,93,css,bc160811,Grace Huang,2024-03-19,23:16:41,-04:00,2024-03-19T23:16:41-04:00,1,7
src/lib/Pie.svelte,94,css,bc160811,Grace Huang,2024-03-19,23:16:41,-04:00,2024-03-19T23:16:41-04:00,2,4
src/lib/Pie.svelte,95,css,bc160811,Grace Huang,2024-03-19,23:16:41,-04:00,2024-03-19T23:16:41-04:00,2,10
src/lib/Pie.svelte,96,css,bc160811,Grace Huang,2024-03-19,23:16:41,-04:00,2024-03-19T23:16:41-04:00,2,55
src/lib/Pie.svelte,97,css,bc160811,Grace Huang,2024-03-19,23:16:41,-04:00,2024-03-19T23:16:41-04:00,2,9
src/lib/Pie.svelte,98,css,bc160811,Grace Huang,2024-03-19,23:16:41,-04:00,2024-03-19T23:16:41-04:00,2,20
src/lib/Pie.svelte,99,css,bc160811,Grace Huang,2024-03-19,23:16:41,-04:00,2024-03-19T23:16:41-04:00,1,0
src/lib/Pie.svelte,100,css,bc160811,Grace Huang,2024-03-19,23:16:41,-04:00,2024-03-19T23:16:41-04:00,0,0
src/lib/Pie.svelte,101,css,bc160811,Grace Huang,2024-03-19,23:16:41,-04:00,2024-03-19T23:16:41-04:00,1,2
src/lib/Pie.svelte,102,css,bc160811,Grace Huang,2024-03-19,23:16:41,-04:00,2024-03-19T23:16:41-04:00,2,10
src/lib/Pie.svelte,103,css,bc160811,Grace Huang,2024-03-19,23:16:41,-04:00,2024-03-19T23:16:41-04:00,2,5
src/lib/Pie.svelte,104,css,bc160811,Grace Huang,2024-03-19,23:16:41,-04:00,2024-03-19T23:16:41-04:00,2,9
src/lib/Pie.svelte,105,css,bc160811,Grace Huang,2024-03-19,23:16:41,-04:00,2024-03-19T23:16:41-04:00,2,16
src/lib/Pie.svelte,106,css,bc160811,Grace Huang,2024-03-19,23:16:41,-04:00,2024-03-19T23:16:41-04:00,1,0
src/lib/Pie.svelte,107,css,bc160811,Grace Huang,2024-03-19,23:16:41,-04:00,2024-03-19T23:16:41-04:00,1,7
src/lib/Pie.svelte,108,css,bc160811,Grace Huang,2024-03-19,23:16:41,-04:00,2024-03-19T23:16:41-04:00,2,9
src/lib/Pie.svelte,109,css,bc160811,Grace Huang,2024-03-19,23:16:41,-04:00,2024-03-19T23:16:41-04:00,2,14
src/lib/Pie.svelte,110,css,bc160811,Grace Huang,2024-03-19,23:16:41,-04:00,2024-03-19T23:16:41-04:00,2,27
src/lib/Pie.svelte,111,css,bc160811,Grace Huang,2024-03-19,23:16:41,-04:00,2024-03-19T23:16:41-04:00,1,0
src/lib/Pie.svelte,112,svelte,bc160811,Grace Huang,2024-03-19,23:16:41,-04:00,2024-03-19T23:16:41-04:00,0,8
static/global.js,1,js,7773fb07,Grace Huang,2024-03-05,19:40:12,-05:00,2024-03-05T19:40:12-05:00,0,27
static/global.js,2,js,7773fb07,Grace Huang,2024-03-05,19:40:12,-05:00,2024-03-05T19:40:12-05:00,0,0
static/global.js,3,js,7773fb07,Grace Huang,2024-03-05,19:40:12,-05:00,2024-03-05T19:40:12-05:00,0,44
static/global.js,4,js,7773fb07,Grace Huang,2024-03-05,19:40:12,-05:00,2024-03-05T19:40:12-05:00,0,54
static/global.js,5,js,7773fb07,Grace Huang,2024-03-05,19:40:12,-05:00,2024-03-05T19:40:12-05:00,0,1
static/global.js,6,js,7773fb07,Grace Huang,2024-03-05,19:40:12,-05:00,2024-03-05T19:40:12-05:00,0,0
static/global.js,7,js,7773fb07,Grace Huang,2024-03-05,19:40:12,-05:00,2024-03-05T19:40:12-05:00,0,43
static/global.js,8,js,7773fb07,Grace Huang,2024-03-05,19:40:12,-05:00,2024-03-05T19:40:12-05:00,0,51
static/global.js,9,js,7773fb07,Grace Huang,2024-03-05,19:40:12,-05:00,2024-03-05T19:40:12-05:00,2,19
static/global.js,10,js,7773fb07,Grace Huang,2024-03-05,19:40:12,-05:00,2024-03-05T19:40:12-05:00,2,28
static/global.js,11,js,7773fb07,Grace Huang,2024-03-05,19:40:12,-05:00,2024-03-05T19:40:12-05:00,2,23
static/global.js,12,js,7773fb07,Grace Huang,2024-03-05,19:40:12,-05:00,2024-03-05T19:40:12-05:00,2,29
static/global.js,13,js,7773fb07,Grace Huang,2024-03-05,19:40:12,-05:00,2024-03-05T19:40:12-05:00,4,38
static/global.js,14,js,7773fb07,Grace Huang,2024-03-05,19:40:12,-05:00,2024-03-05T19:40:12-05:00,2,0
static/global.js,15,js,7773fb07,Grace Huang,2024-03-05,19:40:12,-05:00,2024-03-05T19:40:12-05:00,2,16
static/global.js,16,js,7773fb07,Grace Huang,2024-03-05,19:40:12,-05:00,2024-03-05T19:40:12-05:00,0,3
